-- phpMyAdmin SQL Dump
-- version 4.7.0
-- https://www.phpmyadmin.net/
--
-- Host: localhost:3306
-- Generation Time: Jan 26, 2019 at 12:30 PM
-- Server version: 5.6.34-log
-- PHP Version: 7.1.5

SET SQL_MODE = "NO_AUTO_VALUE_ON_ZERO";
SET AUTOCOMMIT = 0;
START TRANSACTION;
SET time_zone = "+00:00";


/*!40101 SET @OLD_CHARACTER_SET_CLIENT=@@CHARACTER_SET_CLIENT */;
/*!40101 SET @OLD_CHARACTER_SET_RESULTS=@@CHARACTER_SET_RESULTS */;
/*!40101 SET @OLD_COLLATION_CONNECTION=@@COLLATION_CONNECTION */;
/*!40101 SET NAMES utf8mb4 */;

--
-- Database: `fix_asset`
--

-- --------------------------------------------------------

--
-- Table structure for table `t_account`
--

CREATE TABLE `t_account` (
  `account_id` bigint(20) NOT NULL,
  `account_code` varchar(30) NOT NULL,
  `account_name` varchar(100) NOT NULL,
  `create_user` varchar(60) NOT NULL,
  `create_date` datetime NOT NULL,
  `update_user` varchar(60) NOT NULL,
  `update_date` datetime NOT NULL,
  `delete_flag` int(11) NOT NULL
) ENGINE=InnoDB DEFAULT CHARSET=utf8;

--
-- Dumping data for table `t_account`
--

INSERT INTO `t_account` (`account_id`, `account_code`, `account_name`, `create_user`, `create_date`, `update_user`, `update_date`, `delete_flag`) VALUES
(1, '1112100011', 'H_SK_Software', 'test', '2019-01-16 00:00:00', 'test', '2019-01-16 00:00:00', 0),
(2, '1124000051', 'H_SK_IT equipment other IT', 'test', '2019-01-16 00:00:00', 'test', '2019-01-16 00:00:00', 0),
(3, '1127000131', 'H_SK_Other miscellaneous operating equipment', 'test', '2019-01-16 00:00:00', 'test', '2019-01-16 00:00:00', 0),
(4, '1127000171', 'H_SK_Office furniture', 'test', '2019-01-16 00:00:00', 'test', '2019-01-16 00:00:00', 0),
(5, '1122000011', 'H_SK_Leaser fixtures', 'test', '2019-01-16 00:00:00', 'test', '2019-01-16 00:00:00', 0),
(6, '1123000151', 'H_SK_Misc.other technical equipment/machinery', 'test', '2019-01-16 00:00:00', 'test', '2019-01-16 00:00:00', 0);

-- --------------------------------------------------------

--
-- Table structure for table `t_asset`
--

CREATE TABLE `t_asset` (
  `asset_id` bigint(20) NOT NULL,
  `company_id` bigint(20) NOT NULL,
  `asset_no` varchar(40) NOT NULL,
  `class_id` int(11) NOT NULL,
  `asset_description` varchar(200) NOT NULL,
  `cost_id` int(11) NOT NULL,
  `life` varchar(60) NOT NULL,
  `odep_start` date NOT NULL,
  `cap_date` date NOT NULL,
  `acquisition` int(11) NOT NULL,
  `total` int(11) NOT NULL,
  `book_value` int(11) NOT NULL,
  `account_id` bigint(20) NOT NULL,
  `doc_no` varchar(30) NOT NULL,
  `reference` varchar(50) NOT NULL,
  `location_id` bigint(20) NOT NULL,
  `qrcode` varchar(30) NOT NULL,
  `qr_flag` tinyint(1) NOT NULL,
  `create_user` varchar(60) NOT NULL,
  `create_date` datetime NOT NULL,
  `update_user` varchar(60) NOT NULL,
  `update_date` datetime NOT NULL,
  `delete_flag` int(11) NOT NULL
) ENGINE=InnoDB DEFAULT CHARSET=utf8;

--
-- Dumping data for table `t_asset`
--

INSERT INTO `t_asset` (`asset_id`, `company_id`, `asset_no`, `class_id`, `asset_description`, `cost_id`, `life`, `odep_start`, `cap_date`, `acquisition`, `total`, `book_value`, `account_id`, `doc_no`, `reference`, `location_id`, `qrcode`, `qr_flag`, `create_user`, `create_date`, `update_user`, `update_date`, `delete_flag`) VALUES
(1, 2, '200000', 1, 'HOD-ECOM MS.OFFICRPROPLUS2013-K.THEERACHAI:3111183', 160, '003/000', '2014-09-18', '2014-09-18', 11190, -11190, 0, 1, '1', '1', 5, 'TH601500200000', 1, 'test', '0000-00-00 00:00:00', 'test', '0000-00-00 00:00:00', 0),
(2, 2, '200001', 1, 'HOD-ECOM MS.OFFICRPROPLUS2013-K.PARIN:311118320', 160, '003/000', '2014-09-18', '2014-09-18', 11190, -11190, 0, 1, '1', '1', 5, 'TH601500200001', 1, 'test', '0000-00-00 00:00:00', 'test', '0000-00-00 00:00:00', 0),
(3, 2, '1200000', 4, 'HOD-ECOM MOUSE+BACKPACK NB S/N:2M3LJ12-K PARIN:240', 161, '003/000', '2014-09-19', '2014-09-19', 2414, -2414, 0, 2, '1', '1', 5, 'TH6030501200000', 1, 'test', '0000-00-00 00:00:00', 'test', '0000-00-00 00:00:00', 0),
(4, 2, '1200001', 4, 'HOD-ECOM NB S/N:2M3LJ12+MOUSE+BACKPACK-K.PARIN:240', 161, '003/000', '2014-09-19', '2014-09-19', 36324, -36324, 0, 2, '1', '1', 5, 'TH6030501200001', 1, 'test', '0000-00-00 00:00:00', 'test', '0000-00-00 00:00:00', 0),
(5, 2, '1200002', 4, 'HOD-ECOMMERCE LAN,AMP FOR PC 7 POINT:SPC57-11015', 161, '003/000', '2014-09-19', '2014-09-19', 26185, -26185, 0, 2, '1', '1', 5, 'TH6030501200002', 1, 'test', '0000-00-00 00:00:00', 'test', '0000-00-00 00:00:00', 0),
(6, 2, '1400000', 6, 'HOD-CISCO UC PHONE 7942-K.K.PHARIN(ECOM):IV0000013', 160, '005/000', '2014-09-22', '2014-09-22', 7540, -6449, 1091, 3, '1', '1', 5, 'TH6042001400000', 1, 'test', '0000-00-00 00:00:00', 'test', '0000-00-00 00:00:00', 0),
(7, 2, '1400001', 6, 'HOD-CISCO UC PHONE 7942-K.K.TEERACHAI(ECOM):IV0000', 160, '005/000', '2014-09-22', '2014-09-22', 7540, -6449, 1091, 3, '1', '1', 5, 'TH6042001400001', 1, 'test', '0000-00-00 00:00:00', 'test', '0000-00-00 00:00:00', 0),
(8, 2, '1400002', 6, 'HOD-CISCO UC PHONE 7942-K.SAM(ECOM):IV000001384', 160, '005/000', '2014-09-22', '2014-09-22', 7540, -6449, 1091, 3, '1', '1', 5, 'TH6042001400002', 1, 'test', '0000-00-00 00:00:00', 'test', '0000-00-00 00:00:00', 0),
(9, 2, '1200003', 4, 'MOUSE+BACKPACK NB S/N:DJBPJ12-K.THEERACHAI:2400331', 160, '003/000', '2014-09-23', '2014-09-23', 1340, -1340, 0, 2, '1', '1', 5, 'TH6030501200003', 1, 'test', '0000-00-00 00:00:00', 'test', '0000-00-00 00:00:00', 0),
(10, 2, '1200004', 4, 'MOUSE+BACKPACK NB S/N:DNBLJ12-K.THEERACHAI:2400331', 160, '003/000', '2014-09-23', '2014-09-23', 24206, -24206, 0, 2, '1', '1', 5, 'TH6030501200004', 1, 'test', '0000-00-00 00:00:00', 'test', '0000-00-00 00:00:00', 0),
(11, 2, '1200005', 4, 'HOD-ECOMMERCE THERMAL ZABRA PRINTER:111404252', 161, '003/000', '2014-11-13', '2014-11-13', 62500, -62500, 0, 2, '1', '1', 5, 'TH6030501200005', 1, 'test', '0000-00-00 00:00:00', 'test', '0000-00-00 00:00:00', 0),
(12, 2, '1200006', 4, 'HOD-ECOMMERCE EPSON PRINTER S/N:FSVY:IV5702160', 161, '003/000', '2014-11-13', '2014-11-13', 19000, -19000, 0, 2, '1', '1', 5, 'TH6030501200006', 1, 'test', '0000-00-00 00:00:00', 'test', '0000-00-00 00:00:00', 0),
(13, 2, '200002', 1, 'HOD-ECCOMMERCE MS.OFFICEPROPLUS 2013 6 EA:31112072', 162, '003/000', '2014-11-17', '2014-11-17', 67140, -67140, 0, 1, '1', '1', 5, 'TH601500200002', 1, 'test', '0000-00-00 00:00:00', 'test', '0000-00-00 00:00:00', 0),
(14, 2, '1200007', 4, 'VERTICAL CABLE GUIDE-PS SIZE-100x100x810', 161, '003/000', '2014-11-17', '2014-11-17', 589, -589, 0, 2, '1', '1', 5, 'TH6030501200007', 1, 'test', '0000-00-00 00:00:00', 'test', '0000-00-00 00:00:00', 0),
(15, 2, '1400003', 5, 'STANDARD DESK SIZE-740x750x1500 RETURN SIZE-740x60', 161, '005/000', '2014-11-17', '2014-11-17', 4862, -4009, 853, 4, '1', '1', 5, 'TH6040001400003', 1, 'test', '0000-00-00 00:00:00', 'test', '0000-00-00 00:00:00', 0),
(16, 2, '1400004', 5, 'STANDARD DESK SIZE-740x750x1500 RETURN SIZE-740x60', 161, '005/000', '2014-11-17', '2014-11-17', 4862, -4009, 853, 4, '1', '1', 5, 'TH6040001400004', 1, 'test', '0000-00-00 00:00:00', 'test', '0000-00-00 00:00:00', 0),
(17, 2, '1400005', 5, 'RACEWAYS-FS BEATCHAIR-MIDBACK SIZE-1065x700x700', 161, '005/000', '2014-11-17', '2014-11-17', 3328, -2744, 583, 4, '1', '1', 5, 'TH6040001400005', 1, 'test', '0000-00-00 00:00:00', 'test', '0000-00-00 00:00:00', 0),
(18, 2, '1400006', 5, 'RACEWAYS-FS BEATCHAIR-MIDBACK SIZE-1065x700x700', 161, '005/000', '2014-11-17', '2014-11-17', 3328, -2744, 583, 4, '1', '1', 5, 'TH6040001400006', 1, 'test', '0000-00-00 00:00:00', 'test', '0000-00-00 00:00:00', 0),
(19, 2, '1400007', 5, 'STORAGE UNIT MOBILE SIZE-644x500x400', 161, '005/000', '2014-11-17', '2014-11-17', 3449, -2844, 605, 4, '1', '1', 5, 'TH6040001400007', 1, 'test', '0000-00-00 00:00:00', 'test', '0000-00-00 00:00:00', 0),
(20, 2, '1400008', 5, 'STORAGE UNIT MOBILE SIZE-644x500x400', 161, '005/000', '2014-11-17', '2014-11-17', 3449, -2844, 605, 4, '1', '1', 5, 'TH6040001400008', 1, 'test', '0000-00-00 00:00:00', 'test', '0000-00-00 00:00:00', 0),
(21, 2, '1400009', 5, 'STANDARD DESK SIZE-740x600x1200', 161, '005/000', '2014-11-17', '2014-11-17', 2288, -1887, 401, 4, '1', '1', 5, 'TH6040001400009', 1, 'test', '0000-00-00 00:00:00', 'test', '0000-00-00 00:00:00', 0),
(22, 2, '1400010', 5, 'STANDARD DESK SIZE-740x600x1200', 161, '005/000', '2014-11-17', '2014-11-17', 2288, -1887, 401, 4, '1', '1', 5, 'TH6040001400010', 1, 'test', '0000-00-00 00:00:00', 'test', '0000-00-00 00:00:00', 0),
(23, 2, '1400011', 5, 'STANDARD DESK SIZE-740x600x1200', 161, '005/000', '2014-11-17', '2014-11-17', 2288, -1887, 401, 4, '1', '1', 5, 'TH6040001400011', 1, 'test', '0000-00-00 00:00:00', 'test', '0000-00-00 00:00:00', 0),
(24, 2, '1400012', 5, 'STANDARD DESK SIZE-740x600x1200', 161, '005/000', '2014-11-17', '2014-11-17', 2288, -1887, 401, 4, '1', '1', 5, 'TH6040001400012', 1, 'test', '0000-00-00 00:00:00', 'test', '0000-00-00 00:00:00', 0),
(25, 2, '1400013', 5, 'STANDARD DESK SIZE-740x600x1200', 161, '005/000', '2014-11-17', '2014-11-17', 2288, -1887, 401, 4, '1', '1', 5, 'TH6040001400013', 1, 'test', '0000-00-00 00:00:00', 'test', '0000-00-00 00:00:00', 0),
(26, 2, '1400014', 5, 'STANDARD DESK SIZE-740x600x1200', 161, '005/000', '2014-11-17', '2014-11-17', 2288, -1887, 401, 4, '1', '1', 5, 'TH6040001400014', 1, 'test', '0000-00-00 00:00:00', 'test', '0000-00-00 00:00:00', 0),
(27, 2, '1400015', 5, 'MOBILE PEDESTALS SIZE-644x500x295', 161, '005/000', '2014-11-17', '2014-11-17', 3130, -2581, 549, 4, '1', '1', 5, 'TH6040001400015', 1, 'test', '0000-00-00 00:00:00', 'test', '0000-00-00 00:00:00', 0),
(28, 2, '1400016', 5, 'MOBILE PEDESTALS SIZE-644x500x295', 161, '005/000', '2014-11-17', '2014-11-17', 3130, -2581, 549, 4, '1', '1', 5, 'TH6040001400016', 1, 'test', '0000-00-00 00:00:00', 'test', '0000-00-00 00:00:00', 0),
(29, 2, '1400017', 5, 'MOBILE PEDESTALS SIZE-644x500x295', 161, '005/000', '2014-11-17', '2014-11-17', 3130, -2581, 549, 4, '1', '1', 5, 'TH6040001400017', 1, 'test', '0000-00-00 00:00:00', 'test', '0000-00-00 00:00:00', 0),
(30, 2, '1400018', 5, 'MOBILE PEDESTALS SIZE-644x500x295', 161, '005/000', '2014-11-17', '2014-11-17', 3130, -2581, 549, 4, '1', '1', 5, 'TH6040001400018', 1, 'test', '0000-00-00 00:00:00', 'test', '0000-00-00 00:00:00', 0),
(31, 2, '1400019', 5, 'MOBILE PEDESTALS SIZE-644x500x295', 161, '005/000', '2014-11-17', '2014-11-17', 3130, -2581, 549, 4, '1', '1', 5, 'TH6040001400019', 1, 'test', '0000-00-00 00:00:00', 'test', '0000-00-00 00:00:00', 0),
(32, 2, '1400020', 5, 'MOBILE PEDESTALS SIZE-644x500x295', 161, '005/000', '2014-11-17', '2014-11-17', 3130, -2581, 549, 4, '1', '1', 5, 'TH6040001400020', 1, 'test', '0000-00-00 00:00:00', 'test', '0000-00-00 00:00:00', 0),
(33, 2, '1400021', 5, 'RACEWAYS-FS BEAT CHAIR-LOWBACK SIZE-1040x700x700', 161, '005/000', '2014-11-17', '2014-11-17', 3278, -2703, 575, 4, '1', '1', 5, 'TH6040001400021', 1, 'test', '0000-00-00 00:00:00', 'test', '0000-00-00 00:00:00', 0),
(34, 2, '1400022', 5, 'RACEWAYS-FS BEAT CHAIR-LOWBACK SIZE-1040x700x700', 161, '005/000', '2014-11-17', '2014-11-17', 3278, -2703, 575, 4, '1', '1', 5, 'TH6040001400022', 1, 'test', '0000-00-00 00:00:00', 'test', '0000-00-00 00:00:00', 0),
(35, 2, '1400023', 5, 'RACEWAYS-FS BEAT CHAIR-LOWBACK SIZE-1040x700x700', 161, '005/000', '2014-11-17', '2014-11-17', 3278, -2703, 575, 4, '1', '1', 5, 'TH6040001400023', 1, 'test', '0000-00-00 00:00:00', 'test', '0000-00-00 00:00:00', 0),
(36, 2, '1400024', 5, 'RACEWAYS-FS BEAT CHAIR-LOWBACK SIZE-1040x700x700', 161, '005/000', '2014-11-17', '2014-11-17', 3278, -2703, 575, 4, '1', '1', 5, 'TH6040001400024', 1, 'test', '0000-00-00 00:00:00', 'test', '0000-00-00 00:00:00', 0),
(37, 2, '1400025', 5, 'RACEWAYS-FS BEAT CHAIR-LOWBACK SIZE-1040x700x700', 161, '005/000', '2014-11-17', '2014-11-17', 3278, -2703, 575, 4, '1', '1', 5, 'TH6040001400025', 1, 'test', '0000-00-00 00:00:00', 'test', '0000-00-00 00:00:00', 0),
(38, 2, '1400026', 5, 'RACEWAYS-FS BEAT CHAIR-LOWBACK SIZE-1040x700x700', 161, '005/000', '2014-11-17', '2014-11-17', 3278, -2703, 575, 4, '1', '1', 5, 'TH6040001400026', 1, 'test', '0000-00-00 00:00:00', 'test', '0000-00-00 00:00:00', 0),
(39, 2, '1400027', 5, 'CABINET-MP-AR SIZE-1974x400x800 TOP CABINET-MP SIZ', 161, '005/000', '2014-11-17', '2014-11-17', 6881, -5674, 1206, 4, '1', '1', 5, 'TH6040001400027', 1, 'test', '0000-00-00 00:00:00', 'test', '0000-00-00 00:00:00', 0),
(40, 2, '1400028', 5, 'CABINET-MP-AR SIZE-1974x400x800 TOP CABINET-MP SIZ', 161, '005/000', '2014-11-17', '2014-11-17', 6881, -5674, 1206, 4, '1', '1', 5, 'TH6040001400028', 1, 'test', '0000-00-00 00:00:00', 'test', '0000-00-00 00:00:00', 0),
(41, 2, '1400029', 5, 'CABINET-MP-AR SIZE-1974x400x800 TOP CABINET-MP SIZ', 161, '005/000', '2014-11-17', '2014-11-17', 6881, -5674, 1206, 4, '1', '1', 5, 'TH6040001400029', 1, 'test', '0000-00-00 00:00:00', 'test', '0000-00-00 00:00:00', 0),
(42, 2, '1400030', 5, 'CABINET-MP-AR SIZE-1974x400x800 TOP CABINET-MP SIZ', 161, '005/000', '2014-11-17', '2014-11-17', 6881, -5674, 1206, 4, '1', '1', 5, 'TH6040001400030', 1, 'test', '0000-00-00 00:00:00', 'test', '0000-00-00 00:00:00', 0),
(43, 2, '1400031', 5, 'CONFERENCE SIZE-740x1200x2400 HOSING CONFERENCE SI', 161, '005/000', '2014-11-17', '2014-11-17', 6375, -5257, 1118, 4, '1', '1', 5, 'TH6040001400031', 1, 'test', '0000-00-00 00:00:00', 'test', '0000-00-00 00:00:00', 0),
(44, 2, '1400032', 5, 'BEAT CHAIR-LOWBACK SIZE-1040x700x700', 161, '005/000', '2014-11-17', '2014-11-17', 3130, -2581, 549, 4, '1', '1', 5, 'TH6040001400032', 1, 'test', '0000-00-00 00:00:00', 'test', '0000-00-00 00:00:00', 0),
(45, 2, '1400033', 5, 'BEAT CHAIR-LOWBACK SIZE-1040x700x700', 161, '005/000', '2014-11-17', '2014-11-17', 3130, -2581, 549, 4, '1', '1', 5, 'TH6040001400033', 1, 'test', '0000-00-00 00:00:00', 'test', '0000-00-00 00:00:00', 0),
(46, 2, '1400034', 5, 'BEAT CHAIR-LOWBACK SIZE-1040x700x700', 161, '005/000', '2014-11-17', '2014-11-17', 3130, -2581, 549, 4, '1', '1', 5, 'TH6040001400034', 1, 'test', '0000-00-00 00:00:00', 'test', '0000-00-00 00:00:00', 0),
(47, 2, '1400035', 5, 'BEAT CHAIR-LOWBACK SIZE-1040x700x700', 161, '005/000', '2014-11-17', '2014-11-17', 3130, -2581, 549, 4, '1', '1', 5, 'TH6040001400035', 1, 'test', '0000-00-00 00:00:00', 'test', '0000-00-00 00:00:00', 0),
(48, 2, '1400036', 5, 'BEAT CHAIR-LOWBACK SIZE-1040x700x700', 161, '005/000', '2014-11-17', '2014-11-17', 3130, -2581, 549, 4, '1', '1', 5, 'TH6040001400036', 1, 'test', '0000-00-00 00:00:00', 'test', '0000-00-00 00:00:00', 0),
(49, 2, '1400037', 5, 'BEAT CHAIR-LOWBACK SIZE-1040x700x700', 161, '005/000', '2014-11-17', '2014-11-17', 3130, -2581, 549, 4, '1', '1', 5, 'TH6040001400037', 1, 'test', '0000-00-00 00:00:00', 'test', '0000-00-00 00:00:00', 0),
(50, 2, '1200008', 4, 'HOD-ECOMMERCE COMPUTER PC 4 EA:2400342138', 161, '003/000', '2014-11-19', '2014-11-19', 20540, -20540, 0, 2, '1', '1', 5, 'TH6030501200008', 1, 'test', '0000-00-00 00:00:00', 'test', '0000-00-00 00:00:00', 0),
(51, 2, '1200009', 4, 'HOD-ECOMMERCE COMPUTER PC 4 EA:2400342138', 161, '003/000', '2014-11-19', '2014-11-19', 20540, -20540, 0, 2, '1', '1', 5, 'TH6030501200009', 1, 'test', '0000-00-00 00:00:00', 'test', '0000-00-00 00:00:00', 0),
(52, 2, '1200010', 4, 'HOD-ECOMMERCE COMPUTER PC 4 EA:2400342138', 161, '003/000', '2014-11-19', '2014-11-19', 20540, -20540, 0, 2, '1', '1', 5, 'TH6030501200010', 1, 'test', '0000-00-00 00:00:00', 'test', '0000-00-00 00:00:00', 0),
(53, 2, '1200011', 4, 'HOD-ECOMMERCE COMPUTER PC 4 EA:2400342138', 161, '003/000', '2014-11-19', '2014-11-19', 20540, -20540, 0, 2, '1', '1', 5, 'TH6030501200011', 1, 'test', '0000-00-00 00:00:00', 'test', '0000-00-00 00:00:00', 0),
(54, 2, '1200012', 4, 'HOD-ECCOMMERCE N/B+MOUSE+BACKPACK 2 EA:2400342139', 161, '003/000', '2014-11-19', '2014-11-19', 24072, -24072, 0, 2, '1', '1', 5, 'TH6030501200012', 1, 'test', '0000-00-00 00:00:00', 'test', '0000-00-00 00:00:00', 0),
(55, 2, '1200013', 4, 'HOD-ECCOMMERCE N/B+MOUSE+BACKPACK 2 EA:2400342139', 161, '003/000', '2014-11-19', '2014-11-19', 24072, -24072, 0, 2, '1', '1', 5, 'TH6030501200013', 1, 'test', '0000-00-00 00:00:00', 'test', '0000-00-00 00:00:00', 0),
(56, 2, '1200014', 4, 'HOD:ECCOMMERC N/B+MOUSE+BACKPACK 2 EA:2400342160', 161, '003/000', '2014-11-19', '2014-11-19', 1340, -1340, 0, 2, '1', '1', 5, 'TH6030501200014', 1, 'test', '0000-00-00 00:00:00', 'test', '0000-00-00 00:00:00', 0),
(57, 2, '1200015', 4, 'HOD:ECCOMMERC N/B+MOUSE+BACKPACK 2 EA:2400342160', 161, '003/000', '2014-11-19', '2014-11-19', 1340, -1340, 0, 2, '1', '1', 5, 'TH6030501200015', 1, 'test', '0000-00-00 00:00:00', 'test', '0000-00-00 00:00:00', 0),
(58, 2, '1200016', 4, 'SCANNER,CRADLE (RADIO/CHARGER) USB SERIES A, 7 FT.', 161, '003/000', '2014-12-01', '2014-12-01', 13000, -13000, 0, 2, '1', '1', 5, 'TH6030501200016', 1, 'test', '0000-00-00 00:00:00', 'test', '0000-00-00 00:00:00', 0),
(59, 2, '1200017', 4, 'SCANNER,CRADLE (RADIO/CHARGER) USB SERIES A, 7 FT.', 161, '003/000', '2014-12-01', '2014-12-01', 13000, -13000, 0, 2, '1', '1', 5, 'TH6030501200017', 1, 'test', '0000-00-00 00:00:00', 'test', '0000-00-00 00:00:00', 0),
(60, 2, '1500000', 2, 'RENOVATE OFFICE KM 16.5 (K.Teerachai\'s room)', 160, '005/000', '2014-12-12', '2014-12-12', 53550, -43427, 10123, 5, '1', '1', 5, 'TH6019501500000', 1, 'test', '0000-00-00 00:00:00', 'test', '0000-00-00 00:00:00', 0),
(61, 2, '200003', 1, 'IMPLEMENT ECOM', 162, '003/000', '2014-12-31', '2014-12-31', 656949, -656949, 0, 1, '1', '1', 5, 'TH601500200003', 1, 'test', '0000-00-00 00:00:00', 'test', '0000-00-00 00:00:00', 0),
(62, 2, '1200021', 4, 'HOD-NB S/N:8WMXM32 +MOUSE+BACKPACK- K. CHAVALIT', 163, '003/000', '2015-04-07', '2015-04-07', 37171, -37171, 0, 2, '1', '1', 5, 'TH6030501200021', 1, 'test', '0000-00-00 00:00:00', 'test', '0000-00-00 00:00:00', 0),
(63, 2, '1400038', 6, 'HOD-CISCO UC PHONE 7942- KHATTIYAPORN(ECOM):IV0000', 161, '005/000', '2015-04-07', '2015-04-07', 6000, -4484, 1516, 3, '1', '1', 5, 'TH6042001400038', 1, 'test', '0000-00-00 00:00:00', 'test', '0000-00-00 00:00:00', 0),
(64, 2, '1400039', 6, 'HOD-CISCO UC PHONE 7942 - CHAVALIT PHONE:IV0000013', 163, '005/000', '2015-04-07', '2015-04-07', 6000, -4484, 1516, 3, '1', '1', 5, 'TH6042001400039', 1, 'test', '0000-00-00 00:00:00', 'test', '0000-00-00 00:00:00', 0),
(65, 2, '200004', 1, 'HOD-MS.OFFICEPORPLUS2013-DAMRONG', 163, '003/000', '2015-04-09', '2015-04-09', 11300, -11300, 0, 1, '1', '1', 5, 'TH601500200004', 1, 'test', '0000-00-00 00:00:00', 'test', '0000-00-00 00:00:00', 0),
(66, 2, '200005', 1, 'HOD-MS.OFFICEPROPULS 2013-MANO', 163, '003/000', '2015-04-09', '2015-04-09', 11300, -11300, 0, 1, '1', '1', 5, 'TH601500200005', 1, 'test', '0000-00-00 00:00:00', 'test', '0000-00-00 00:00:00', 0),
(67, 2, '200006', 1, 'HOD-MS.OFFICEPORPLUS2013-K. NIWATTANA', 163, '003/000', '2015-04-09', '2015-04-09', 11300, -11300, 0, 1, '1', '1', 5, 'TH601500200006', 1, 'test', '0000-00-00 00:00:00', 'test', '0000-00-00 00:00:00', 0),
(68, 2, '200007', 1, 'HOD-CHAVALIT(ECOM) MS.OFFICEPROPLUS 2013', 162, '003/000', '2015-04-09', '2015-04-09', 11300, -11300, 0, 1, '1', '1', 5, 'TH601500200007', 1, 'test', '0000-00-00 00:00:00', 'test', '0000-00-00 00:00:00', 0),
(69, 2, '1200018', 4, 'HOD-NB S/N:9MTHN32 +MOUSE+BACKPACK- K. DAMRONG', 163, '003/000', '2015-04-21', '2015-04-21', 25614, -25614, 0, 2, '1', '1', 5, 'TH6030501200018', 1, 'test', '0000-00-00 00:00:00', 'test', '0000-00-00 00:00:00', 0),
(70, 2, '1200019', 4, 'HOD-NB S/N:9BLKN32 +MOUSE+BACKPACK-K. NIWATTANA', 163, '003/000', '2015-04-21', '2015-04-21', 25614, -25614, 0, 2, '1', '1', 5, 'TH6030501200019', 1, 'test', '0000-00-00 00:00:00', 'test', '0000-00-00 00:00:00', 0),
(71, 2, '1200020', 4, 'HOD-NB S/N: 6X5JN32+MOUSE+BACKPACK- K. MANO', 163, '003/000', '2015-04-21', '2015-04-21', 25614, -25614, 0, 2, '1', '1', 5, 'TH6030501200020', 1, 'test', '0000-00-00 00:00:00', 'test', '0000-00-00 00:00:00', 0),
(72, 2, '1400040', 6, 'HOD:LASER POINTER REMOTE', 161, '005/000', '2015-05-13', '2015-05-13', 2046, -1489, 557, 3, '1', '1', 5, 'TH6042001400040', 1, 'test', '0000-00-00 00:00:00', 'test', '0000-00-00 00:00:00', 0),
(73, 2, '1400041', 6, 'HOD:LASER POINTER REMOTE', 161, '005/000', '2015-05-13', '2015-05-13', 2046, -1489, 557, 3, '1', '1', 5, 'TH6042001400041', 1, 'test', '0000-00-00 00:00:00', 'test', '0000-00-00 00:00:00', 0),
(74, 2, '1200022', 4, 'HOD-NB S/N:7FHTQ32+MOUSE+BACKPACK- K. KIATTICHAI', 161, '003/000', '2015-05-22', '2015-05-22', 37171, -37171, 0, 2, '1', '1', 5, 'TH6030501200022', 1, 'test', '0000-00-00 00:00:00', 'test', '0000-00-00 00:00:00', 0),
(75, 2, '200008', 1, 'HOD-MS.OFFICEPROPLUS2013-K KIATTICHAI(ECOM)', 161, '003/000', '2015-06-03', '2015-06-03', 11300, -11300, 0, 1, '1', '1', 5, 'TH601500200008', 1, 'test', '0000-00-00 00:00:00', 'test', '0000-00-00 00:00:00', 0),
(76, 2, '200009', 1, 'HOD-ECOM: VISIOStd 2013 SNGL MVL-NIWATTANA', 163, '003/000', '2015-06-03', '2015-06-03', 5553, -5553, 0, 1, '1', '1', 5, 'TH601500200009', 1, 'test', '0000-00-00 00:00:00', 'test', '0000-00-00 00:00:00', 0),
(77, 2, '1400042', 6, 'HOD-CISCO UC PHONE 7942 - NIWATTANA PHONE:IV000001', 163, '005/000', '2015-06-10', '2015-06-10', 6000, -4274, 1726, 3, '1', '1', 5, 'TH6042001400042', 1, 'test', '0000-00-00 00:00:00', 'test', '0000-00-00 00:00:00', 0),
(78, 2, '1400043', 6, 'HOD-CISCO UC PHONE 7942 - DAMRONG PHONE:IV00000138', 163, '005/000', '2015-06-10', '2015-06-10', 6000, -4274, 1726, 3, '1', '1', 5, 'TH6042001400043', 1, 'test', '0000-00-00 00:00:00', 'test', '0000-00-00 00:00:00', 0),
(79, 2, '1400044', 6, 'HOD-CISCO UC PHONE 7942 - MANOH PHONE:IV000001384', 163, '005/000', '2015-06-10', '2015-06-10', 6000, -4274, 1726, 3, '1', '1', 5, 'TH6042001400044', 1, 'test', '0000-00-00 00:00:00', 'test', '0000-00-00 00:00:00', 0),
(80, 2, '200010', 1, 'HOD:CHAVALIT (ECOM) MS. PROJECT 2013', 163, '003/000', '2015-06-18', '2015-06-18', 12550, -12550, 0, 1, '1', '1', 5, 'TH601500200010', 1, 'test', '0000-00-00 00:00:00', 'test', '0000-00-00 00:00:00', 0),
(81, 2, '200011', 1, 'HOD:NIWATTANA (ECOM) MS. PROJECT 2013', 163, '003/000', '2015-06-18', '2015-06-18', 12550, -12550, 0, 1, '1', '1', 5, 'TH601500200011', 1, 'test', '0000-00-00 00:00:00', 'test', '0000-00-00 00:00:00', 0),
(82, 2, '200012', 1, 'HOD:KAMONRAT (ECOM) MS. PROJECT 2013', 163, '003/000', '2015-06-18', '2015-06-18', 12550, -12550, 0, 1, '1', '1', 5, 'TH601500200012', 1, 'test', '0000-00-00 00:00:00', 'test', '0000-00-00 00:00:00', 0),
(83, 2, '200013', 1, 'HOD:DAMRONG (ECOM) MS. PROJECT 2013', 163, '003/000', '2015-06-18', '2015-06-18', 12550, -12550, 0, 1, '1', '1', 5, 'TH601500200013', 1, 'test', '0000-00-00 00:00:00', 'test', '0000-00-00 00:00:00', 0),
(84, 2, '200014', 1, 'HOD:NOPPARAT (ECOM) MS. PROJECT 2013', 163, '003/000', '2015-06-18', '2015-06-18', 12550, -12550, 0, 1, '1', '1', 5, 'TH601500200014', 1, 'test', '0000-00-00 00:00:00', 'test', '0000-00-00 00:00:00', 0),
(85, 2, '1400045', 6, 'HOD-CISCO UC PHONE 7942 - KIATTICHAI PHONE:IV00000', 161, '005/000', '2015-06-22', '2015-06-22', 6000, -4235, 1765, 3, '1', '1', 5, 'TH6042001400045', 1, 'test', '0000-00-00 00:00:00', 'test', '0000-00-00 00:00:00', 0),
(86, 2, '1400046', 6, 'HO:Bluetooth Wireless Speakerphone', 161, '005/000', '2015-08-06', '2015-08-06', 5900, -4018, 1882, 3, '1', '1', 5, 'TH6042001400046', 1, 'test', '0000-00-00 00:00:00', 'test', '0000-00-00 00:00:00', 0),
(87, 2, '1400047', 6, 'HO:Huawei Honor 3C Kite Dual 900/2100', 161, '005/000', '2015-08-06', '2015-08-06', 3600, -2452, 1148, 3, '1', '1', 5, 'TH6042001400047', 1, 'test', '0000-00-00 00:00:00', 'test', '0000-00-00 00:00:00', 0),
(88, 2, '1400048', 6, 'HO:Lenovo Smartphone A536', 161, '005/000', '2015-08-06', '2015-08-06', 4000, -2724, 1276, 3, '1', '1', 5, 'TH6042001400048', 1, 'test', '0000-00-00 00:00:00', 'test', '0000-00-00 00:00:00', 0),
(89, 2, '1200023', 4, 'HOD:ECCOMMERC N/B+MOUSE+BACKPACK 2 EA', 161, '003/000', '2015-08-13', '2015-08-13', 25614, -25614, 0, 2, '1', '1', 5, 'TH6030501200023', 1, 'test', '0000-00-00 00:00:00', 'test', '0000-00-00 00:00:00', 0),
(90, 2, '1200024', 4, 'HOD:ECCOMMERC N/B+MOUSE+BACKPACK 2 EA', 161, '003/000', '2015-08-13', '2015-08-13', 25614, -25614, 0, 2, '1', '1', 5, 'TH6030501200024', 1, 'test', '0000-00-00 00:00:00', 'test', '0000-00-00 00:00:00', 0),
(91, 2, '1200025', 4, 'HOD:ECCOMMERC N/B+MOUSE+BACKPACK 2 EA', 161, '003/000', '2015-08-13', '2015-08-13', 25614, -25614, 0, 2, '1', '1', 5, 'TH6030501200025', 1, 'test', '0000-00-00 00:00:00', 'test', '0000-00-00 00:00:00', 0),
(92, 2, '1200026', 4, 'HOD:ECCOMMERC N/B+MOUSE+BACKPACK 2 EA', 161, '003/000', '2015-08-13', '2015-08-13', 25614, -25614, 0, 2, '1', '1', 5, 'TH6030501200026', 1, 'test', '0000-00-00 00:00:00', 'test', '0000-00-00 00:00:00', 0),
(93, 2, '1200168', 4, 'Computer for Ops team', 163, '003/000', '2015-09-01', '2015-09-01', 25614, -25614, 0, 2, '3100026', '1', 5, 'TH6030501200168', 1, 'test', '0000-00-00 00:00:00', 'test', '0000-00-00 00:00:00', 0),
(94, 2, '1200169', 4, 'Computer for Ops team', 163, '003/000', '2015-09-01', '2015-09-01', 25614, -25614, 0, 2, '3100026', '1', 5, 'TH6030501200169', 1, 'test', '0000-00-00 00:00:00', 'test', '0000-00-00 00:00:00', 0),
(95, 2, '1200170', 4, 'Computer for Ops team', 163, '003/000', '2015-09-01', '2015-09-01', 25614, -25614, 0, 2, '3100026', '1', 5, 'TH6030501200170', 1, 'test', '0000-00-00 00:00:00', 'test', '0000-00-00 00:00:00', 0),
(96, 2, '1200171', 4, 'Computer for Ops team', 163, '003/000', '2015-09-01', '2015-09-01', 25614, -25614, 0, 2, '3100026', '1', 5, 'TH6030501200171', 1, 'test', '0000-00-00 00:00:00', 'test', '0000-00-00 00:00:00', 0),
(97, 2, '1200172', 4, 'Computer for Ops team', 163, '003/000', '2015-09-01', '2015-09-01', 25614, -25614, 0, 2, '3100026', '1', 5, 'TH6030501200172', 1, 'test', '0000-00-00 00:00:00', 'test', '0000-00-00 00:00:00', 0),
(98, 2, '1200173', 4, 'Computer for Ops team', 163, '003/000', '2015-09-01', '2015-09-01', 25614, -25614, 0, 2, '3100026', '1', 5, 'TH6030501200173', 1, 'test', '0000-00-00 00:00:00', 'test', '0000-00-00 00:00:00', 0),
(99, 2, '1200174', 4, 'Computer for Ops team', 163, '003/000', '2015-09-01', '2015-09-01', 25614, -25614, 0, 2, '3100026', '1', 5, 'TH6030501200174', 1, 'test', '0000-00-00 00:00:00', 'test', '0000-00-00 00:00:00', 0),
(100, 2, '1200175', 4, 'Computer for Ops team', 163, '003/000', '2015-09-01', '2015-09-01', 25614, -25614, 0, 2, '3100026', '1', 5, 'TH6030501200175', 1, 'test', '0000-00-00 00:00:00', 'test', '0000-00-00 00:00:00', 0),
(101, 2, '1200176', 4, 'Computer for Ops team', 163, '003/000', '2015-09-01', '2015-09-01', 25614, -25614, 0, 2, '3100026', '1', 5, 'TH6030501200176', 1, 'test', '0000-00-00 00:00:00', 'test', '0000-00-00 00:00:00', 0),
(102, 2, '1200177', 4, 'Computer for Ops team', 163, '003/000', '2015-09-01', '2015-09-01', 25614, -25614, 0, 2, '3100026', '1', 5, 'TH6030501200177', 1, 'test', '0000-00-00 00:00:00', 'test', '0000-00-00 00:00:00', 0),
(103, 2, '1200178', 4, 'Computer for Ops team', 163, '003/000', '2015-09-01', '2015-09-01', 25614, -25614, 0, 2, '3100026', '1', 5, 'TH6030501200178', 1, 'test', '0000-00-00 00:00:00', 'test', '0000-00-00 00:00:00', 0),
(104, 2, '1200179', 4, 'Computer for Ops team', 163, '003/000', '2015-09-01', '2015-09-01', 25614, -25614, 0, 2, '3100026', '1', 5, 'TH6030501200179', 1, 'test', '0000-00-00 00:00:00', 'test', '0000-00-00 00:00:00', 0),
(105, 2, '1200180', 4, 'Computer for Ops team', 163, '003/000', '2015-09-01', '2015-09-01', 25614, -25614, 0, 2, '3100026', '1', 5, 'TH6030501200180', 1, 'test', '0000-00-00 00:00:00', 'test', '0000-00-00 00:00:00', 0),
(106, 2, '1200181', 4, 'Computer for Ops team', 163, '003/000', '2015-09-01', '2015-09-01', 25614, -25614, 0, 2, '3100026', '1', 5, 'TH6030501200181', 1, 'test', '0000-00-00 00:00:00', 'test', '0000-00-00 00:00:00', 0),
(107, 2, '1200182', 4, 'Computer for Ops team', 163, '003/000', '2015-09-01', '2015-09-01', 25614, -25614, 0, 2, '3100026', '1', 5, 'TH6030501200182', 1, 'test', '0000-00-00 00:00:00', 'test', '0000-00-00 00:00:00', 0),
(108, 2, '1200183', 4, 'Computer for Ops team', 163, '003/000', '2015-09-01', '2015-09-01', 25614, -25614, 0, 2, '3100026', '1', 5, 'TH6030501200183', 1, 'test', '0000-00-00 00:00:00', 'test', '0000-00-00 00:00:00', 0),
(109, 2, '1200184', 4, 'Computer for Ops team', 163, '003/000', '2015-09-01', '2015-09-01', 25614, -25614, 0, 2, '3100026', '1', 5, 'TH6030501200184', 1, 'test', '0000-00-00 00:00:00', 'test', '0000-00-00 00:00:00', 0),
(110, 2, '1200185', 4, 'Computer for Ops team', 163, '003/000', '2015-09-01', '2015-09-01', 25614, -25614, 0, 2, '3100026', '1', 5, 'TH6030501200185', 1, 'test', '0000-00-00 00:00:00', 'test', '0000-00-00 00:00:00', 0),
(111, 2, '1200186', 4, 'Computer for Ops team', 163, '003/000', '2015-09-01', '2015-09-01', 25614, -25614, 0, 2, '3100026', '1', 5, 'TH6030501200186', 1, 'test', '0000-00-00 00:00:00', 'test', '0000-00-00 00:00:00', 0),
(112, 2, '1200187', 4, 'Computer for Ops team', 163, '003/000', '2015-09-01', '2015-09-01', 25614, -25614, 0, 2, '3100026', '1', 5, 'TH6030501200187', 1, 'test', '0000-00-00 00:00:00', 'test', '0000-00-00 00:00:00', 0),
(113, 2, '1200188', 4, 'Computer for Ops team', 163, '003/000', '2015-09-01', '2015-09-01', 25614, -25614, 0, 2, '3100026', '1', 5, 'TH6030501200188', 1, 'test', '0000-00-00 00:00:00', 'test', '0000-00-00 00:00:00', 0),
(114, 2, '1200189', 4, 'Computer for Ops team', 163, '003/000', '2015-09-01', '2015-09-01', 25614, -25614, 0, 2, '3100026', '1', 5, 'TH6030501200189', 1, 'test', '0000-00-00 00:00:00', 'test', '0000-00-00 00:00:00', 0),
(115, 2, '1200190', 4, 'Computer for Ops team', 163, '003/000', '2015-09-01', '2015-09-01', 25614, -25614, 0, 2, '3100026', '1', 5, 'TH6030501200190', 1, 'test', '0000-00-00 00:00:00', 'test', '0000-00-00 00:00:00', 0),
(116, 2, '1200191', 4, 'Computer for Ops team', 163, '003/000', '2015-09-01', '2015-09-01', 25614, -25614, 0, 2, '3100026', '1', 5, 'TH6030501200191', 1, 'test', '0000-00-00 00:00:00', 'test', '0000-00-00 00:00:00', 0),
(117, 2, '1200192', 4, 'Computer for Ops team', 163, '003/000', '2015-09-01', '2015-09-01', 25614, -25614, 0, 2, '3100026', '1', 5, 'TH6030501200192', 1, 'test', '0000-00-00 00:00:00', 'test', '0000-00-00 00:00:00', 0),
(118, 2, '1200193', 4, 'Computer for Ops team', 163, '003/000', '2015-09-01', '2015-09-01', 25614, -25614, 0, 2, '3100026', '1', 5, 'TH6030501200193', 1, 'test', '0000-00-00 00:00:00', 'test', '0000-00-00 00:00:00', 0),
(119, 2, '1200194', 4, 'Computer for Ops team', 163, '003/000', '2015-09-01', '2015-09-01', 25614, -25614, 0, 2, '3100026', '1', 5, 'TH6030501200194', 1, 'test', '0000-00-00 00:00:00', 'test', '0000-00-00 00:00:00', 0),
(120, 2, '1200195', 4, 'Computer for Ops team', 163, '003/000', '2015-09-01', '2015-09-01', 25614, -25614, 0, 2, '3100026', '1', 5, 'TH6030501200195', 1, 'test', '0000-00-00 00:00:00', 'test', '0000-00-00 00:00:00', 0),
(121, 2, '1200167', 4, '\"HOD:ECCOM Dell P2414 H23.8\"\" Monitor Wirelwaa Key', 163, '003/000', '2015-09-02', '2015-09-02', 8422, -8422, 0, 2, '1', '1', 5, 'TH6030501200167', 1, 'test', '0000-00-00 00:00:00', 'test', '0000-00-00 00:00:00', 0),
(122, 2, '1200027', 4, 'HOD:ECCOM Optiplex desktop-SF Handling & insurance', 163, '003/000', '2015-09-14', '2015-09-14', 15869, -15869, 0, 2, '1', '1', 5, 'TH6030501200027', 1, 'test', '0000-00-00 00:00:00', 'test', '0000-00-00 00:00:00', 0),
(123, 2, '1200028', 4, 'HOD:ECCOM Optiplex desktop-SF Handling & insurance', 163, '003/000', '2015-09-14', '2015-09-14', 15869, -15869, 0, 2, '1', '1', 5, 'TH6030501200028', 1, 'test', '0000-00-00 00:00:00', 'test', '0000-00-00 00:00:00', 0),
(124, 2, '1200029', 4, 'HOD:ECCOM Optiplex desktop-SF Handling & insurance', 163, '003/000', '2015-09-14', '2015-09-14', 15869, -15869, 0, 2, '1', '1', 5, 'TH6030501200029', 1, 'test', '0000-00-00 00:00:00', 'test', '0000-00-00 00:00:00', 0),
(125, 2, '1200030', 4, 'HOD:ECCOM Optiplex desktop-SF Handling & insurance', 163, '003/000', '2015-09-14', '2015-09-14', 15869, -15869, 0, 2, '1', '1', 5, 'TH6030501200030', 1, 'test', '0000-00-00 00:00:00', 'test', '0000-00-00 00:00:00', 0),
(126, 2, '1200031', 4, 'HOD:ECCOM Optiplex desktop-SF Handling & insurance', 163, '003/000', '2015-09-14', '2015-09-14', 15869, -15869, 0, 2, '1', '1', 5, 'TH6030501200031', 1, 'test', '0000-00-00 00:00:00', 'test', '0000-00-00 00:00:00', 0),
(127, 2, '1200032', 4, 'HOD:ECCOM Optiplex desktop-SF Handling & insurance', 163, '003/000', '2015-09-14', '2015-09-14', 15869, -15869, 0, 2, '1', '1', 5, 'TH6030501200032', 1, 'test', '0000-00-00 00:00:00', 'test', '0000-00-00 00:00:00', 0),
(128, 2, '1200033', 4, 'HOD:ECCOM Optiplex desktop-SF Handling & insurance', 163, '003/000', '2015-09-14', '2015-09-14', 15869, -15869, 0, 2, '1', '1', 5, 'TH6030501200033', 1, 'test', '0000-00-00 00:00:00', 'test', '0000-00-00 00:00:00', 0),
(129, 2, '1200034', 4, 'HOD:ECCOM Optiplex desktop-SF Handling & insurance', 163, '003/000', '2015-09-14', '2015-09-14', 15869, -15869, 0, 2, '1', '1', 5, 'TH6030501200034', 1, 'test', '0000-00-00 00:00:00', 'test', '0000-00-00 00:00:00', 0),
(130, 2, '1200035', 4, 'HOD:ECCOM Optiplex desktop-SF Handling & insurance', 163, '003/000', '2015-09-14', '2015-09-14', 15869, -15869, 0, 2, '1', '1', 5, 'TH6030501200035', 1, 'test', '0000-00-00 00:00:00', 'test', '0000-00-00 00:00:00', 0),
(131, 2, '1200036', 4, 'HOD:ECCOM Optiplex desktop-SF Handling & insurance', 163, '003/000', '2015-09-14', '2015-09-14', 15869, -15869, 0, 2, '1', '1', 5, 'TH6030501200036', 1, 'test', '0000-00-00 00:00:00', 'test', '0000-00-00 00:00:00', 0),
(132, 2, '1200037', 4, 'HOD:ECCOM Optiplex desktop-SF Handling & insurance', 163, '003/000', '2015-09-14', '2015-09-14', 15869, -15869, 0, 2, '1', '1', 5, 'TH6030501200037', 1, 'test', '0000-00-00 00:00:00', 'test', '0000-00-00 00:00:00', 0),
(133, 2, '1200038', 4, 'HOD:ECCOM Optiplex desktop-SF Handling & insurance', 163, '003/000', '2015-09-14', '2015-09-14', 15869, -15869, 0, 2, '1', '1', 5, 'TH6030501200038', 1, 'test', '0000-00-00 00:00:00', 'test', '0000-00-00 00:00:00', 0),
(134, 2, '1200039', 4, 'HOD:ECCOM Optiplex desktop-SF Handling & insurance', 163, '003/000', '2015-09-14', '2015-09-14', 15869, -15869, 0, 2, '1', '1', 5, 'TH6030501200039', 1, 'test', '0000-00-00 00:00:00', 'test', '0000-00-00 00:00:00', 0),
(135, 2, '1200040', 4, 'HOD:ECCOM Optiplex desktop-SF Handling & insurance', 163, '003/000', '2015-09-14', '2015-09-14', 15869, -15869, 0, 2, '1', '1', 5, 'TH6030501200040', 1, 'test', '0000-00-00 00:00:00', 'test', '0000-00-00 00:00:00', 0),
(136, 2, '1200041', 4, 'HOD:ECCOM Optiplex desktop-SF Handling & insurance', 163, '003/000', '2015-09-14', '2015-09-14', 15869, -15869, 0, 2, '1', '1', 5, 'TH6030501200041', 1, 'test', '0000-00-00 00:00:00', 'test', '0000-00-00 00:00:00', 0),
(137, 2, '1200042', 4, 'HOD:ECCOM Optiplex desktop-SF Handling & insurance', 163, '003/000', '2015-09-14', '2015-09-14', 15869, -15869, 0, 2, '1', '1', 5, 'TH6030501200042', 1, 'test', '0000-00-00 00:00:00', 'test', '0000-00-00 00:00:00', 0),
(138, 2, '1200043', 4, 'HOD:ECCOM Optiplex desktop-SF Handling & insurance', 163, '003/000', '2015-09-14', '2015-09-14', 15869, -15869, 0, 2, '1', '1', 5, 'TH6030501200043', 1, 'test', '0000-00-00 00:00:00', 'test', '0000-00-00 00:00:00', 0),
(139, 2, '1200044', 4, 'HOD:ECCOM Optiplex desktop-SF Handling & insurance', 163, '003/000', '2015-09-14', '2015-09-14', 15869, -15869, 0, 2, '1', '1', 5, 'TH6030501200044', 1, 'test', '0000-00-00 00:00:00', 'test', '0000-00-00 00:00:00', 0),
(140, 2, '1200045', 4, 'HOD:ECCOM Optiplex desktop-SF Handling & insurance', 163, '003/000', '2015-09-14', '2015-09-14', 15869, -15869, 0, 2, '1', '1', 5, 'TH6030501200045', 1, 'test', '0000-00-00 00:00:00', 'test', '0000-00-00 00:00:00', 0),
(141, 2, '1200046', 4, 'HOD:ECCOM Optiplex desktop-SF Handling & insurance', 163, '003/000', '2015-09-14', '2015-09-14', 15869, -15869, 0, 2, '1', '1', 5, 'TH6030501200046', 1, 'test', '0000-00-00 00:00:00', 'test', '0000-00-00 00:00:00', 0),
(142, 2, '1200047', 4, 'HOD:ECCOM Optiplex desktop-SF Handling & insurance', 163, '003/000', '2015-09-14', '2015-09-14', 15869, -15869, 0, 2, '1', '1', 5, 'TH6030501200047', 1, 'test', '0000-00-00 00:00:00', 'test', '0000-00-00 00:00:00', 0),
(143, 2, '1200048', 4, 'HOD:ECCOM Optiplex desktop-SF Handling & insurance', 163, '003/000', '2015-09-14', '2015-09-14', 15869, -15869, 0, 2, '1', '1', 5, 'TH6030501200048', 1, 'test', '0000-00-00 00:00:00', 'test', '0000-00-00 00:00:00', 0),
(144, 2, '1200049', 4, 'HOD:ECCOM Optiplex desktop-SF Handling & insurance', 163, '003/000', '2015-09-14', '2015-09-14', 15869, -15869, 0, 2, '1', '1', 5, 'TH6030501200049', 1, 'test', '0000-00-00 00:00:00', 'test', '0000-00-00 00:00:00', 0),
(145, 2, '1200050', 4, 'HOD:ECCOM Optiplex desktop-SF Handling & insurance', 163, '003/000', '2015-09-14', '2015-09-14', 15869, -15869, 0, 2, '1', '1', 5, 'TH6030501200050', 1, 'test', '0000-00-00 00:00:00', 'test', '0000-00-00 00:00:00', 0),
(146, 2, '1200051', 4, 'HOD:ECCOM Optiplex desktop-SF Handling & insurance', 163, '003/000', '2015-09-14', '2015-09-14', 15869, -15869, 0, 2, '1', '1', 5, 'TH6030501200051', 1, 'test', '0000-00-00 00:00:00', 'test', '0000-00-00 00:00:00', 0),
(147, 2, '1200052', 4, 'HOD:ECCOM Optiplex desktop-SF Handling & insurance', 163, '003/000', '2015-09-14', '2015-09-14', 15869, -15869, 0, 2, '1', '1', 5, 'TH6030501200052', 1, 'test', '0000-00-00 00:00:00', 'test', '0000-00-00 00:00:00', 0),
(148, 2, '1200053', 4, 'HOD:ECCOM Optiplex desktop-SF Handling & insurance', 163, '003/000', '2015-09-14', '2015-09-14', 15869, -15869, 0, 2, '1', '1', 5, 'TH6030501200053', 1, 'test', '0000-00-00 00:00:00', 'test', '0000-00-00 00:00:00', 0),
(149, 2, '1200054', 4, 'HOD:ECCOM Optiplex desktop-SF Handling & insurance', 163, '003/000', '2015-09-14', '2015-09-14', 15869, -15869, 0, 2, '1', '1', 5, 'TH6030501200054', 1, 'test', '0000-00-00 00:00:00', 'test', '0000-00-00 00:00:00', 0),
(150, 2, '1200055', 4, 'HOD:ECCOM Optiplex desktop-SF Handling & insurance', 163, '003/000', '2015-09-14', '2015-09-14', 15869, -15869, 0, 2, '1', '1', 5, 'TH6030501200055', 1, 'test', '0000-00-00 00:00:00', 'test', '0000-00-00 00:00:00', 0),
(151, 2, '1200056', 4, 'HOD:ECCOM Optiplex desktop-SF Handling & insurance', 163, '003/000', '2015-09-14', '2015-09-14', 15869, -15869, 0, 2, '1', '1', 5, 'TH6030501200056', 1, 'test', '0000-00-00 00:00:00', 'test', '0000-00-00 00:00:00', 0),
(152, 2, '1200057', 4, 'HOD:ECCOM Optiplex desktop-SF Handling & insurance', 163, '003/000', '2015-09-14', '2015-09-14', 15869, -15869, 0, 2, '1', '1', 5, 'TH6030501200057', 1, 'test', '0000-00-00 00:00:00', 'test', '0000-00-00 00:00:00', 0),
(153, 2, '1200058', 4, 'HOD:ECCOM Optiplex desktop-SF Handling & insurance', 163, '003/000', '2015-09-14', '2015-09-14', 15869, -15869, 0, 2, '1', '1', 5, 'TH6030501200058', 1, 'test', '0000-00-00 00:00:00', 'test', '0000-00-00 00:00:00', 0),
(154, 2, '1200059', 4, 'HOD:ECCOM Optiplex desktop-SF Handling & insurance', 163, '003/000', '2015-09-14', '2015-09-14', 15869, -15869, 0, 2, '1', '1', 5, 'TH6030501200059', 1, 'test', '0000-00-00 00:00:00', 'test', '0000-00-00 00:00:00', 0),
(155, 2, '1200060', 4, 'HOD:ECCOM Optiplex desktop-SF Handling & insurance', 163, '003/000', '2015-09-14', '2015-09-14', 15869, -15869, 0, 2, '1', '1', 5, 'TH6030501200060', 1, 'test', '0000-00-00 00:00:00', 'test', '0000-00-00 00:00:00', 0),
(156, 2, '1200061', 4, 'HOD:ECCOM Optiplex desktop-SF Handling & insurance', 163, '003/000', '2015-09-14', '2015-09-14', 15869, -15869, 0, 2, '1', '1', 5, 'TH6030501200061', 1, 'test', '0000-00-00 00:00:00', 'test', '0000-00-00 00:00:00', 0),
(157, 2, '1200062', 4, 'HOD:ECCOM Optiplex desktop-SF Handling & insurance', 163, '003/000', '2015-09-14', '2015-09-14', 15869, -15869, 0, 2, '1', '1', 5, 'TH6030501200062', 1, 'test', '0000-00-00 00:00:00', 'test', '0000-00-00 00:00:00', 0),
(158, 2, '1200063', 4, 'HOD:ECCOM Optiplex desktop-SF Handling & insurance', 163, '003/000', '2015-09-14', '2015-09-14', 15869, -15869, 0, 2, '1', '1', 5, 'TH6030501200063', 1, 'test', '0000-00-00 00:00:00', 'test', '0000-00-00 00:00:00', 0),
(159, 2, '1200064', 4, 'HOD:ECCOM Optiplex desktop-SF Handling & insurance', 163, '003/000', '2015-09-14', '2015-09-14', 15869, -15869, 0, 2, '1', '1', 5, 'TH6030501200064', 1, 'test', '0000-00-00 00:00:00', 'test', '0000-00-00 00:00:00', 0),
(160, 2, '1200065', 4, 'HOD:ECCOM Optiplex desktop-SF Handling & insurance', 163, '003/000', '2015-09-14', '2015-09-14', 15869, -15869, 0, 2, '1', '1', 5, 'TH6030501200065', 1, 'test', '0000-00-00 00:00:00', 'test', '0000-00-00 00:00:00', 0),
(161, 2, '1200066', 4, 'HOD:ECCOM Optiplex desktop-SF Handling & insurance', 163, '003/000', '2015-09-14', '2015-09-14', 15869, -15869, 0, 2, '1', '1', 5, 'TH6030501200066', 1, 'test', '0000-00-00 00:00:00', 'test', '0000-00-00 00:00:00', 0),
(162, 2, '1200067', 4, 'HOD:ECCOM Optiplex desktop-SF Handling & insurance', 163, '003/000', '2015-09-14', '2015-09-14', 15869, -15869, 0, 2, '1', '1', 5, 'TH6030501200067', 1, 'test', '0000-00-00 00:00:00', 'test', '0000-00-00 00:00:00', 0),
(163, 2, '1200068', 4, 'HOD:ECCOM Optiplex desktop-SF Handling & insurance', 163, '003/000', '2015-09-14', '2015-09-14', 15869, -15869, 0, 2, '1', '1', 5, 'TH6030501200068', 1, 'test', '0000-00-00 00:00:00', 'test', '0000-00-00 00:00:00', 0),
(164, 2, '1200069', 4, 'HOD:ECCOM Optiplex desktop-SF Handling & insurance', 163, '003/000', '2015-09-14', '2015-09-14', 15869, -15869, 0, 2, '1', '1', 5, 'TH6030501200069', 1, 'test', '0000-00-00 00:00:00', 'test', '0000-00-00 00:00:00', 0),
(165, 2, '1200070', 4, 'HOD:ECCOM Optiplex desktop-SF Handling & insurance', 163, '003/000', '2015-09-14', '2015-09-14', 15869, -15869, 0, 2, '1', '1', 5, 'TH6030501200070', 1, 'test', '0000-00-00 00:00:00', 'test', '0000-00-00 00:00:00', 0),
(166, 2, '1200071', 4, 'HOD:ECCOM Optiplex desktop-SF Handling & insurance', 163, '003/000', '2015-09-14', '2015-09-14', 15869, -15869, 0, 2, '1', '1', 5, 'TH6030501200071', 1, 'test', '0000-00-00 00:00:00', 'test', '0000-00-00 00:00:00', 0),
(167, 2, '1200072', 4, 'HOD:ECCOM Optiplex desktop-SF Handling & insurance', 163, '003/000', '2015-09-14', '2015-09-14', 15869, -15869, 0, 2, '1', '1', 5, 'TH6030501200072', 1, 'test', '0000-00-00 00:00:00', 'test', '0000-00-00 00:00:00', 0),
(168, 2, '1200073', 4, 'HOD:ECCOM Optiplex desktop-SF Handling & insurance', 163, '003/000', '2015-09-14', '2015-09-14', 15869, -15869, 0, 2, '1', '1', 5, 'TH6030501200073', 1, 'test', '0000-00-00 00:00:00', 'test', '0000-00-00 00:00:00', 0),
(169, 2, '1200074', 4, 'HOD:ECCOM Optiplex desktop-SF Handling & insurance', 163, '003/000', '2015-09-14', '2015-09-14', 15869, -15869, 0, 2, '1', '1', 5, 'TH6030501200074', 1, 'test', '0000-00-00 00:00:00', 'test', '0000-00-00 00:00:00', 0),
(170, 2, '1200075', 4, 'HOD:ECCOM Optiplex desktop-SF Handling & insurance', 163, '003/000', '2015-09-14', '2015-09-14', 15869, -15869, 0, 2, '1', '1', 5, 'TH6030501200075', 1, 'test', '0000-00-00 00:00:00', 'test', '0000-00-00 00:00:00', 0),
(171, 2, '1200076', 4, 'HOD:ECCOM Optiplex desktop-SF Handling & insurance', 163, '003/000', '2015-09-14', '2015-09-14', 15869, -15869, 0, 2, '1', '1', 5, 'TH6030501200076', 1, 'test', '0000-00-00 00:00:00', 'test', '0000-00-00 00:00:00', 0),
(172, 2, '1200077', 4, 'HOD:ECCOM Optiplex desktop-SF Handling & insurance', 163, '003/000', '2015-09-14', '2015-09-14', 15869, -15869, 0, 2, '1', '1', 5, 'TH6030501200077', 1, 'test', '0000-00-00 00:00:00', 'test', '0000-00-00 00:00:00', 0),
(173, 2, '1200078', 4, 'HOD:ECCOM Optiplex desktop-SF Handling & insurance', 163, '003/000', '2015-09-14', '2015-09-14', 15869, -15869, 0, 2, '1', '1', 5, 'TH6030501200078', 1, 'test', '0000-00-00 00:00:00', 'test', '0000-00-00 00:00:00', 0),
(174, 2, '1200079', 4, 'HOD:ECCOM Optiplex desktop-SF Handling & insurance', 163, '003/000', '2015-09-14', '2015-09-14', 15869, -15869, 0, 2, '1', '1', 5, 'TH6030501200079', 1, 'test', '0000-00-00 00:00:00', 'test', '0000-00-00 00:00:00', 0),
(175, 2, '1200080', 4, 'HOD:ECCOM Optiplex desktop-SF Handling & insurance', 163, '003/000', '2015-09-14', '2015-09-14', 15869, -15869, 0, 2, '1', '1', 5, 'TH6030501200080', 1, 'test', '0000-00-00 00:00:00', 'test', '0000-00-00 00:00:00', 0),
(176, 2, '1200081', 4, 'HOD:ECCOM Optiplex desktop-SF Handling & insurance', 163, '003/000', '2015-09-14', '2015-09-14', 15869, -15869, 0, 2, '1', '1', 5, 'TH6030501200081', 1, 'test', '0000-00-00 00:00:00', 'test', '0000-00-00 00:00:00', 0),
(177, 2, '1200082', 4, 'HOD:ECCOM Optiplex desktop-SF Handling & insurance', 163, '003/000', '2015-09-14', '2015-09-14', 15869, -15869, 0, 2, '1', '1', 5, 'TH6030501200082', 1, 'test', '0000-00-00 00:00:00', 'test', '0000-00-00 00:00:00', 0),
(178, 2, '1200083', 4, 'HOD:ECCOM Optiplex desktop-SF Handling & insurance', 163, '003/000', '2015-09-14', '2015-09-14', 15869, -15869, 0, 2, '1', '1', 5, 'TH6030501200083', 1, 'test', '0000-00-00 00:00:00', 'test', '0000-00-00 00:00:00', 0),
(179, 2, '1200084', 4, 'HOD:ECCOM Optiplex desktop-SF Handling & insurance', 163, '003/000', '2015-09-14', '2015-09-14', 15869, -15869, 0, 2, '1', '1', 5, 'TH6030501200084', 1, 'test', '0000-00-00 00:00:00', 'test', '0000-00-00 00:00:00', 0),
(180, 2, '1200085', 4, 'HOD:ECCOM Optiplex desktop-SF Handling & insurance', 163, '003/000', '2015-09-14', '2015-09-14', 15869, -15869, 0, 2, '1', '1', 5, 'TH6030501200085', 1, 'test', '0000-00-00 00:00:00', 'test', '0000-00-00 00:00:00', 0),
(181, 2, '1200086', 4, 'HOD:ECCOM Optiplex desktop-SF Handling & insurance', 163, '003/000', '2015-09-14', '2015-09-14', 15869, -15869, 0, 2, '1', '1', 5, 'TH6030501200086', 1, 'test', '0000-00-00 00:00:00', 'test', '0000-00-00 00:00:00', 0),
(182, 2, '1200087', 4, 'HOD:ECCOM Optiplex desktop-SF Handling & insurance', 163, '003/000', '2015-09-14', '2015-09-14', 15869, -15869, 0, 2, '1', '1', 5, 'TH6030501200087', 1, 'test', '0000-00-00 00:00:00', 'test', '0000-00-00 00:00:00', 0),
(183, 2, '1200088', 4, 'HOD:ECCOM Optiplex desktop-SF Handling & insurance', 163, '003/000', '2015-09-14', '2015-09-14', 15869, -15869, 0, 2, '1', '1', 5, 'TH6030501200088', 1, 'test', '0000-00-00 00:00:00', 'test', '0000-00-00 00:00:00', 0),
(184, 2, '1200089', 4, 'HOD:ECCOM Optiplex desktop-SF Handling & insurance', 163, '003/000', '2015-09-14', '2015-09-14', 15869, -15869, 0, 2, '1', '1', 5, 'TH6030501200089', 1, 'test', '0000-00-00 00:00:00', 'test', '0000-00-00 00:00:00', 0),
(185, 2, '1200090', 4, 'HOD:ECCOM Optiplex desktop-SF Handling & insurance', 163, '003/000', '2015-09-14', '2015-09-14', 15869, -15869, 0, 2, '1', '1', 5, 'TH6030501200090', 1, 'test', '0000-00-00 00:00:00', 'test', '0000-00-00 00:00:00', 0),
(186, 2, '1200091', 4, 'HOD:ECCOM Optiplex desktop-SF Handling & insurance', 163, '003/000', '2015-09-14', '2015-09-14', 15869, -15869, 0, 2, '1', '1', 5, 'TH6030501200091', 1, 'test', '0000-00-00 00:00:00', 'test', '0000-00-00 00:00:00', 0),
(187, 2, '1200092', 4, 'HOD:ECCOM Optiplex desktop-SF Handling & insurance', 163, '003/000', '2015-09-14', '2015-09-14', 15869, -15869, 0, 2, '1', '1', 5, 'TH6030501200092', 1, 'test', '0000-00-00 00:00:00', 'test', '0000-00-00 00:00:00', 0),
(188, 2, '1200093', 4, 'HOD:ECCOM Optiplex desktop-SF Handling & insurance', 163, '003/000', '2015-09-14', '2015-09-14', 15869, -15869, 0, 2, '1', '1', 5, 'TH6030501200093', 1, 'test', '0000-00-00 00:00:00', 'test', '0000-00-00 00:00:00', 0),
(189, 2, '1200094', 4, 'HOD:ECCOM Optiplex desktop-SF Handling & insurance', 163, '003/000', '2015-09-14', '2015-09-14', 15869, -15869, 0, 2, '1', '1', 5, 'TH6030501200094', 1, 'test', '0000-00-00 00:00:00', 'test', '0000-00-00 00:00:00', 0),
(190, 2, '1200095', 4, 'HOD:ECCOM Optiplex desktop-SF Handling & insurance', 163, '003/000', '2015-09-14', '2015-09-14', 15869, -15869, 0, 2, '1', '1', 5, 'TH6030501200095', 1, 'test', '0000-00-00 00:00:00', 'test', '0000-00-00 00:00:00', 0),
(191, 2, '1200096', 4, 'HOD:ECCOM Optiplex desktop-SF Handling & insurance', 163, '003/000', '2015-09-14', '2015-09-14', 15869, -15869, 0, 2, '1', '1', 5, 'TH6030501200096', 1, 'test', '0000-00-00 00:00:00', 'test', '0000-00-00 00:00:00', 0),
(192, 2, '1200097', 4, '\"HOD:ECCOM Dell P1914S 19\"\" Monitor_Serial_93DHS62', 163, '003/000', '2015-09-14', '2015-09-14', 4865, -4865, 0, 2, '1', '1', 5, 'TH6030501200097', 1, 'test', '0000-00-00 00:00:00', 'test', '0000-00-00 00:00:00', 0),
(193, 2, '1200098', 4, '\"HOD:ECCOM Dell P1914S 19\"\" Monitor_Serial_93FJS62', 163, '003/000', '2015-09-14', '2015-09-14', 4865, -4865, 0, 2, '1', '1', 5, 'TH6030501200098', 1, 'test', '0000-00-00 00:00:00', 'test', '0000-00-00 00:00:00', 0),
(194, 2, '1200099', 4, '\"HOD:ECCOM Dell P1914S 19\"\" Monitor_Serial_93GBS62', 163, '003/000', '2015-09-14', '2015-09-14', 4865, -4865, 0, 2, '1', '1', 5, 'TH6030501200099', 1, 'test', '0000-00-00 00:00:00', 'test', '0000-00-00 00:00:00', 0),
(195, 2, '1200100', 4, '\"HOD:ECCOM Dell P1914S 19\"\" Monitor_Serial_93GFS62', 163, '003/000', '2015-09-14', '2015-09-14', 4865, -4865, 0, 2, '1', '1', 5, 'TH6030501200100', 1, 'test', '0000-00-00 00:00:00', 'test', '0000-00-00 00:00:00', 0),
(196, 2, '1200101', 4, '\"HOD:ECCOM Dell P1914S 19\"\" Monitor_Serial_93GJS62', 163, '003/000', '2015-09-14', '2015-09-14', 4865, -4865, 0, 2, '1', '1', 5, 'TH6030501200101', 1, 'test', '0000-00-00 00:00:00', 'test', '0000-00-00 00:00:00', 0),
(197, 2, '1200102', 4, '\"HOD:ECCOM Dell P1914S 19\"\" Monitor_Serial_93HBS62', 163, '003/000', '2015-09-14', '2015-09-14', 4865, -4865, 0, 2, '1', '1', 5, 'TH6030501200102', 1, 'test', '0000-00-00 00:00:00', 'test', '0000-00-00 00:00:00', 0),
(198, 2, '1200103', 4, '\"HOD:ECCOM Dell P1914S 19\"\" Monitor_Serial_93HFS62', 163, '003/000', '2015-09-14', '2015-09-14', 4865, -4865, 0, 2, '1', '1', 5, 'TH6030501200103', 1, 'test', '0000-00-00 00:00:00', 'test', '0000-00-00 00:00:00', 0),
(199, 2, '1200104', 4, '\"HOD:ECCOM Dell P1914S 19\"\" Monitor_Serial_93HJS62', 163, '003/000', '2015-09-14', '2015-09-14', 4865, -4865, 0, 2, '1', '1', 5, 'TH6030501200104', 1, 'test', '0000-00-00 00:00:00', 'test', '0000-00-00 00:00:00', 0),
(200, 2, '1200105', 4, '\"HOD:ECCOM Dell P1914S 19\"\" Monitor_Serial_93JDS62', 163, '003/000', '2015-09-14', '2015-09-14', 4865, -4865, 0, 2, '1', '1', 5, 'TH6030501200105', 1, 'test', '0000-00-00 00:00:00', 'test', '0000-00-00 00:00:00', 0),
(201, 2, '1200106', 4, '\"HOD:ECCOM Dell P1914S 19\"\" Monitor_Serial_93JHS62', 163, '003/000', '2015-09-14', '2015-09-14', 4865, -4865, 0, 2, '1', '1', 5, 'TH6030501200106', 1, 'test', '0000-00-00 00:00:00', 'test', '0000-00-00 00:00:00', 0),
(202, 2, '1200107', 4, '\"HOD:ECCOM Dell P1914S 19\"\" Monitor_Serial_93K9S62', 163, '003/000', '2015-09-14', '2015-09-14', 4865, -4865, 0, 2, '1', '1', 5, 'TH6030501200107', 1, 'test', '0000-00-00 00:00:00', 'test', '0000-00-00 00:00:00', 0),
(203, 2, '1200108', 4, '\"HOD:ECCOM Dell P1914S 19\"\" Monitor_Serial_93KDS62', 163, '003/000', '2015-09-14', '2015-09-14', 4865, -4865, 0, 2, '1', '1', 5, 'TH6030501200108', 1, 'test', '0000-00-00 00:00:00', 'test', '0000-00-00 00:00:00', 0),
(204, 2, '1200109', 4, '\"HOD:ECCOM Dell P1914S 19\"\" Monitor_Serial_93KHS62', 163, '003/000', '2015-09-14', '2015-09-14', 4865, -4865, 0, 2, '1', '1', 5, 'TH6030501200109', 1, 'test', '0000-00-00 00:00:00', 'test', '0000-00-00 00:00:00', 0),
(205, 2, '1200110', 4, '\"HOD:ECCOM Dell P1914S 19\"\" Monitor_Serial_93L8S62', 163, '003/000', '2015-09-14', '2015-09-14', 4865, -4865, 0, 2, '1', '1', 5, 'TH6030501200110', 1, 'test', '0000-00-00 00:00:00', 'test', '0000-00-00 00:00:00', 0),
(206, 2, '1200111', 4, '\"HOD:ECCOM Dell P1914S 19\"\" Monitor_Serial_93LCS62', 163, '003/000', '2015-09-14', '2015-09-14', 4865, -4865, 0, 2, '1', '1', 5, 'TH6030501200111', 1, 'test', '0000-00-00 00:00:00', 'test', '0000-00-00 00:00:00', 0),
(207, 2, '1200112', 4, '\"HOD:ECCOM Dell P1914S 19\"\" Monitor_Serial_93LGS62', 163, '003/000', '2015-09-14', '2015-09-14', 4865, -4865, 0, 2, '1', '1', 5, 'TH6030501200112', 1, 'test', '0000-00-00 00:00:00', 'test', '0000-00-00 00:00:00', 0),
(208, 2, '1200114', 4, '\"HOD:ECCOM Dell P1914S 19\"\" Monitor_Serial_93M9S62', 163, '003/000', '2015-09-14', '2015-09-14', 4865, -4865, 0, 2, '1', '1', 5, 'TH6030501200114', 1, 'test', '0000-00-00 00:00:00', 'test', '0000-00-00 00:00:00', 0),
(209, 2, '1200115', 4, '\"HOD:ECCOM Dell P1914S 19\"\" Monitor_Serial_93MCS62', 163, '003/000', '2015-09-14', '2015-09-14', 4865, -4865, 0, 2, '1', '1', 5, 'TH6030501200115', 1, 'test', '0000-00-00 00:00:00', 'test', '0000-00-00 00:00:00', 0),
(210, 2, '1200116', 4, '\"HOD:ECCOM Dell P1914S 19\"\" Monitor_Serial_93MFS62', 163, '003/000', '2015-09-14', '2015-09-14', 4865, -4865, 0, 2, '1', '1', 5, 'TH6030501200116', 1, 'test', '0000-00-00 00:00:00', 'test', '0000-00-00 00:00:00', 0),
(211, 2, '1200117', 4, '\"HOD:ECCOM Dell P1914S 19\"\" Monitor_Serial_93MHS62', 163, '003/000', '2015-09-14', '2015-09-14', 4865, -4865, 0, 2, '1', '1', 5, 'TH6030501200117', 1, 'test', '0000-00-00 00:00:00', 'test', '0000-00-00 00:00:00', 0),
(212, 2, '1200118', 4, '\"HOD:ECCOM Dell P1914S 19\"\" Monitor_Serial_93MJS62', 163, '003/000', '2015-09-14', '2015-09-14', 4865, -4865, 0, 2, '1', '1', 5, 'TH6030501200118', 1, 'test', '0000-00-00 00:00:00', 'test', '0000-00-00 00:00:00', 0);
INSERT INTO `t_asset` (`asset_id`, `company_id`, `asset_no`, `class_id`, `asset_description`, `cost_id`, `life`, `odep_start`, `cap_date`, `acquisition`, `total`, `book_value`, `account_id`, `doc_no`, `reference`, `location_id`, `qrcode`, `qr_flag`, `create_user`, `create_date`, `update_user`, `update_date`, `delete_flag`) VALUES
(213, 2, '1200119', 4, '\"HOD:ECCOM Dell P1914S 19\"\" Monitor_Serial_93N8S62', 163, '003/000', '2015-09-14', '2015-09-14', 4865, -4865, 0, 2, '1', '1', 5, 'TH6030501200119', 1, 'test', '0000-00-00 00:00:00', 'test', '0000-00-00 00:00:00', 0),
(214, 2, '1200120', 4, '\"HOD:ECCOM Dell P1914S 19\"\" Monitor_Serial_93N9S62', 163, '003/000', '2015-09-14', '2015-09-14', 4865, -4865, 0, 2, '1', '1', 5, 'TH6030501200120', 1, 'test', '0000-00-00 00:00:00', 'test', '0000-00-00 00:00:00', 0),
(215, 2, '1200121', 4, '\"HOD:ECCOM Dell P1914S 19\"\" Monitor_Serial_93NBS62', 163, '003/000', '2015-09-14', '2015-09-14', 4865, -4865, 0, 2, '1', '1', 5, 'TH6030501200121', 1, 'test', '0000-00-00 00:00:00', 'test', '0000-00-00 00:00:00', 0),
(216, 2, '1200122', 4, '\"HOD:ECCOM Dell P1914S 19\"\" Monitor_Serial_93NCS62', 163, '003/000', '2015-09-14', '2015-09-14', 4865, -4865, 0, 2, '1', '1', 5, 'TH6030501200122', 1, 'test', '0000-00-00 00:00:00', 'test', '0000-00-00 00:00:00', 0),
(217, 2, '1200123', 4, '\"HOD:ECCOM Dell P1914S 19\"\" Monitor_Serial_93NDS62', 163, '003/000', '2015-09-14', '2015-09-14', 4865, -4865, 0, 2, '1', '1', 5, 'TH6030501200123', 1, 'test', '0000-00-00 00:00:00', 'test', '0000-00-00 00:00:00', 0),
(218, 2, '1200124', 4, '\"HOD:ECCOM Dell P1914S 19\"\" Monitor_Serial_93NFS62', 163, '003/000', '2015-09-14', '2015-09-14', 4865, -4865, 0, 2, '1', '1', 5, 'TH6030501200124', 1, 'test', '0000-00-00 00:00:00', 'test', '0000-00-00 00:00:00', 0),
(219, 2, '1200125', 4, '\"HOD:ECCOM Dell P1914S 19\"\" Monitor_Serial_93NGS62', 163, '003/000', '2015-09-14', '2015-09-14', 4865, -4865, 0, 2, '1', '1', 5, 'TH6030501200125', 1, 'test', '0000-00-00 00:00:00', 'test', '0000-00-00 00:00:00', 0),
(220, 2, '1200126', 4, '\"HOD:ECCOM Dell P1914S 19\"\" Monitor_Serial_93NHS62', 163, '003/000', '2015-09-14', '2015-09-14', 4865, -4865, 0, 2, '1', '1', 5, 'TH6030501200126', 1, 'test', '0000-00-00 00:00:00', 'test', '0000-00-00 00:00:00', 0),
(221, 2, '1200127', 4, '\"HOD:ECCOM Dell P1914S 19\"\" Monitor_Serial_93NJS62', 163, '003/000', '2015-09-14', '2015-09-14', 4865, -4865, 0, 2, '1', '1', 5, 'TH6030501200127', 1, 'test', '0000-00-00 00:00:00', 'test', '0000-00-00 00:00:00', 0),
(222, 2, '1200128', 4, '\"HOD:ECCOM Dell P1914S 19\"\" Monitor_Serial_93P8S62', 163, '003/000', '2015-09-14', '2015-09-14', 4865, -4865, 0, 2, '1', '1', 5, 'TH6030501200128', 1, 'test', '0000-00-00 00:00:00', 'test', '0000-00-00 00:00:00', 0),
(223, 2, '1200129', 4, '\"HOD:ECCOM Dell P1914S 19\"\" Monitor_Serial_93P9S62', 163, '003/000', '2015-09-14', '2015-09-14', 4865, -4865, 0, 2, '1', '1', 5, 'TH6030501200129', 1, 'test', '0000-00-00 00:00:00', 'test', '0000-00-00 00:00:00', 0),
(224, 2, '1200130', 4, '\"HOD:ECCOM Dell P1914S 19\"\" Monitor_Serial_93PBS62', 163, '003/000', '2015-09-14', '2015-09-14', 4865, -4865, 0, 2, '1', '1', 5, 'TH6030501200130', 1, 'test', '0000-00-00 00:00:00', 'test', '0000-00-00 00:00:00', 0),
(225, 2, '1200131', 4, '\"HOD:ECCOM Dell P1914S 19\"\" Monitor_Serial_93PCS62', 163, '003/000', '2015-09-14', '2015-09-14', 4865, -4865, 0, 2, '1', '1', 5, 'TH6030501200131', 1, 'test', '0000-00-00 00:00:00', 'test', '0000-00-00 00:00:00', 0),
(226, 2, '1200132', 4, '\"HOD:ECCOM Dell P1914S 19\"\" Monitor_Serial_93PDS62', 163, '003/000', '2015-09-14', '2015-09-14', 4865, -4865, 0, 2, '1', '1', 5, 'TH6030501200132', 1, 'test', '0000-00-00 00:00:00', 'test', '0000-00-00 00:00:00', 0),
(227, 2, '1200133', 4, '\"HOD:ECCOM Dell P1914S 19\"\" Monitor_Serial_93PFS62', 163, '003/000', '2015-09-14', '2015-09-14', 4865, -4865, 0, 2, '1', '1', 5, 'TH6030501200133', 1, 'test', '0000-00-00 00:00:00', 'test', '0000-00-00 00:00:00', 0),
(228, 2, '1200134', 4, '\"HOD:ECCOM Dell P1914S 19\"\" Monitor_Serial_93PGS62', 163, '003/000', '2015-09-14', '2015-09-14', 4865, -4865, 0, 2, '1', '1', 5, 'TH6030501200134', 1, 'test', '0000-00-00 00:00:00', 'test', '0000-00-00 00:00:00', 0),
(229, 2, '1200135', 4, '\"HOD:ECCOM Dell P1914S 19\"\" Monitor_Serial_93PHS62', 163, '003/000', '2015-09-14', '2015-09-14', 4865, -4865, 0, 2, '1', '1', 5, 'TH6030501200135', 1, 'test', '0000-00-00 00:00:00', 'test', '0000-00-00 00:00:00', 0),
(230, 2, '1200136', 4, '\"HOD:ECCOM Dell P1914S 19\"\" Monitor_Serial_93PJS62', 163, '003/000', '2015-09-14', '2015-09-14', 4865, -4865, 0, 2, '1', '1', 5, 'TH6030501200136', 1, 'test', '0000-00-00 00:00:00', 'test', '0000-00-00 00:00:00', 0),
(231, 2, '1200137', 4, '\"HOD:ECCOM Dell P1914S 19\"\" Monitor_Serial_93Q8S62', 163, '003/000', '2015-09-14', '2015-09-14', 4865, -4865, 0, 2, '1', '1', 5, 'TH6030501200137', 1, 'test', '0000-00-00 00:00:00', 'test', '0000-00-00 00:00:00', 0),
(232, 2, '1200138', 4, '\"HOD:ECCOM Dell P1914S 19\"\" Monitor_Serial_93Q9S62', 163, '003/000', '2015-09-14', '2015-09-14', 4865, -4865, 0, 2, '1', '1', 5, 'TH6030501200138', 1, 'test', '0000-00-00 00:00:00', 'test', '0000-00-00 00:00:00', 0),
(233, 2, '1200139', 4, '\"HOD:ECCOM Dell P1914S 19\"\" Monitor_Serial_93QBS62', 163, '003/000', '2015-09-14', '2015-09-14', 4865, -4865, 0, 2, '1', '1', 5, 'TH6030501200139', 1, 'test', '0000-00-00 00:00:00', 'test', '0000-00-00 00:00:00', 0),
(234, 2, '1200140', 4, '\"HOD:ECCOM Dell P1914S 19\"\" Monitor_Serial_93QCS62', 163, '003/000', '2015-09-14', '2015-09-14', 4865, -4865, 0, 2, '1', '1', 5, 'TH6030501200140', 1, 'test', '0000-00-00 00:00:00', 'test', '0000-00-00 00:00:00', 0),
(235, 2, '1200141', 4, '\"HOD:ECCOM Dell P1914S 19\"\" Monitor_Serial_93QDS62', 163, '003/000', '2015-09-14', '2015-09-14', 4865, -4865, 0, 2, '1', '1', 5, 'TH6030501200141', 1, 'test', '0000-00-00 00:00:00', 'test', '0000-00-00 00:00:00', 0),
(236, 2, '1200142', 4, '\"HOD:ECCOM Dell P1914S 19\"\" Monitor_Serial_93QFS62', 163, '003/000', '2015-09-14', '2015-09-14', 4865, -4865, 0, 2, '1', '1', 5, 'TH6030501200142', 1, 'test', '0000-00-00 00:00:00', 'test', '0000-00-00 00:00:00', 0),
(237, 2, '1200143', 4, '\"HOD:ECCOM Dell P1914S 19\"\" Monitor_Serial_93QGS62', 163, '003/000', '2015-09-14', '2015-09-14', 4865, -4865, 0, 2, '1', '1', 5, 'TH6030501200143', 1, 'test', '0000-00-00 00:00:00', 'test', '0000-00-00 00:00:00', 0),
(238, 2, '1200144', 4, '\"HOD:ECCOM Dell P1914S 19\"\" Monitor_Serial_93QHS62', 163, '003/000', '2015-09-14', '2015-09-14', 4865, -4865, 0, 2, '1', '1', 5, 'TH6030501200144', 1, 'test', '0000-00-00 00:00:00', 'test', '0000-00-00 00:00:00', 0),
(239, 2, '1200145', 4, '\"HOD:ECCOM Dell P1914S 19\"\" Monitor_Serial_93QJS62', 163, '003/000', '2015-09-14', '2015-09-14', 4865, -4865, 0, 2, '1', '1', 5, 'TH6030501200145', 1, 'test', '0000-00-00 00:00:00', 'test', '0000-00-00 00:00:00', 0),
(240, 2, '1200146', 4, '\"HOD:ECCOM Dell P1914S 19\"\" Monitor_Serial_93R8S62', 163, '003/000', '2015-09-14', '2015-09-14', 4865, -4865, 0, 2, '1', '1', 5, 'TH6030501200146', 1, 'test', '0000-00-00 00:00:00', 'test', '0000-00-00 00:00:00', 0),
(241, 2, '1200147', 4, '\"HOD:ECCOM Dell P1914S 19\"\" Monitor_Serial_9509S62', 163, '003/000', '2015-09-14', '2015-09-14', 4865, -4865, 0, 2, '1', '1', 5, 'TH6030501200147', 1, 'test', '0000-00-00 00:00:00', 'test', '0000-00-00 00:00:00', 0),
(242, 2, '1200148', 4, '\"HOD:ECCOM Dell P1914S 19\"\" Monitor_Serial_951BS62', 163, '003/000', '2015-09-14', '2015-09-14', 4865, -4865, 0, 2, '1', '1', 5, 'TH6030501200148', 1, 'test', '0000-00-00 00:00:00', 'test', '0000-00-00 00:00:00', 0),
(243, 2, '1200149', 4, '\"HOD:ECCOM Dell P1914S 19\"\" Monitor_Serial_951HS62', 163, '003/000', '2015-09-14', '2015-09-14', 4865, -4865, 0, 2, '1', '1', 5, 'TH6030501200149', 1, 'test', '0000-00-00 00:00:00', 'test', '0000-00-00 00:00:00', 0),
(244, 2, '1200150', 4, '\"HOD:ECCOM Dell P1914S 19\"\" Monitor_Serial_952CS62', 163, '003/000', '2015-09-14', '2015-09-14', 4865, -4865, 0, 2, '1', '1', 5, 'TH6030501200150', 1, 'test', '0000-00-00 00:00:00', 'test', '0000-00-00 00:00:00', 0),
(245, 2, '1200151', 4, '\"HOD:ECCOM Dell P1914S 19\"\" Monitor_Serial_952JS62', 163, '003/000', '2015-09-14', '2015-09-14', 4865, -4865, 0, 2, '1', '1', 5, 'TH6030501200151', 1, 'test', '0000-00-00 00:00:00', 'test', '0000-00-00 00:00:00', 0),
(246, 2, '1200152', 4, 'ECOM15FA3060153', 163, '003/000', '2015-09-14', '2015-09-14', 4865, -4865, 0, 2, '1', '1', 5, 'TH6030501200152', 1, 'test', '0000-00-00 00:00:00', 'test', '0000-00-00 00:00:00', 0),
(247, 2, '1200153', 4, '\"HOD:ECCOM Dell P1914S 19\"\" Monitor_Serial_9549S62', 163, '003/000', '2015-09-14', '2015-09-14', 4865, -4865, 0, 2, '1', '1', 5, 'TH6030501200153', 1, 'test', '0000-00-00 00:00:00', 'test', '0000-00-00 00:00:00', 0),
(248, 2, '1200154', 4, '\"HOD:ECCOM Dell P1914S 19\"\" Monitor_Serial_954DS62', 163, '003/000', '2015-09-14', '2015-09-14', 4865, -4865, 0, 2, '1', '1', 5, 'TH6030501200154', 1, 'test', '0000-00-00 00:00:00', 'test', '0000-00-00 00:00:00', 0),
(249, 2, '1200155', 4, '\"HOD:ECCOM Dell P1914S 19\"\" Monitor_Serial_954HS62', 163, '003/000', '2015-09-14', '2015-09-14', 4865, -4865, 0, 2, '1', '1', 5, 'TH6030501200155', 1, 'test', '0000-00-00 00:00:00', 'test', '0000-00-00 00:00:00', 0),
(250, 2, '1200156', 4, '\"HOD:ECCOM Dell P1914S 19\"\" Monitor_Serial_9559S62', 163, '003/000', '2015-09-14', '2015-09-14', 4865, -4865, 0, 2, '1', '1', 5, 'TH6030501200156', 1, 'test', '0000-00-00 00:00:00', 'test', '0000-00-00 00:00:00', 0),
(251, 2, '1200157', 4, '\"HOD:ECCOM Dell P1914S 19\"\" Monitor_Serial_955CS62', 163, '003/000', '2015-09-14', '2015-09-14', 4865, -4865, 0, 2, '1', '1', 5, 'TH6030501200157', 1, 'test', '0000-00-00 00:00:00', 'test', '0000-00-00 00:00:00', 0),
(252, 2, '1200158', 4, '\"HOD:ECCOM Dell P1914S 19\"\" Monitor_Serial_955FS62', 163, '003/000', '2015-09-14', '2015-09-14', 4865, -4865, 0, 2, '1', '1', 5, 'TH6030501200158', 1, 'test', '0000-00-00 00:00:00', 'test', '0000-00-00 00:00:00', 0),
(253, 2, '1200159', 4, '\"HOD:ECCOM Dell P1914S 19\"\" Monitor_Serial_955HS62', 163, '003/000', '2015-09-14', '2015-09-14', 4865, -4865, 0, 2, '1', '1', 5, 'TH6030501200159', 1, 'test', '0000-00-00 00:00:00', 'test', '0000-00-00 00:00:00', 0),
(254, 2, '1200160', 4, '\"HOD:ECCOM Dell P1914S 19\"\" Monitor_Serial_955KS62', 163, '003/000', '2015-09-14', '2015-09-14', 4865, -4865, 0, 2, '1', '1', 5, 'TH6030501200160', 1, 'test', '0000-00-00 00:00:00', 'test', '0000-00-00 00:00:00', 0),
(255, 2, '1200161', 4, '\"HOD:ECCOM Dell P1914S 19\"\" Monitor_Serial_956BS62', 163, '003/000', '2015-09-14', '2015-09-14', 4865, -4865, 0, 2, '1', '1', 5, 'TH6030501200161', 1, 'test', '0000-00-00 00:00:00', 'test', '0000-00-00 00:00:00', 0),
(256, 2, '1200162', 4, '\"HOD:ECCOM Dell P1914S 19\"\" Monitor_Serial_956DS62', 163, '003/000', '2015-09-14', '2015-09-14', 4865, -4865, 0, 2, '1', '1', 5, 'TH6030501200162', 1, 'test', '0000-00-00 00:00:00', 'test', '0000-00-00 00:00:00', 0),
(257, 2, '1200163', 4, '\"HOD:ECCOM Dell P1914S 19\"\" Monitor_Serial_956GS62', 163, '003/000', '2015-09-14', '2015-09-14', 4865, -4865, 0, 2, '1', '1', 5, 'TH6030501200163', 1, 'test', '0000-00-00 00:00:00', 'test', '0000-00-00 00:00:00', 0),
(258, 2, '1200164', 4, '\"HOD:ECCOM Dell P1914S 19\"\" Monitor_Serial_956JS62', 163, '003/000', '2015-09-14', '2015-09-14', 4865, -4865, 0, 2, '1', '1', 5, 'TH6030501200164', 1, 'test', '0000-00-00 00:00:00', 'test', '0000-00-00 00:00:00', 0),
(259, 2, '1200165', 4, '\"HOD:ECCOM Dell P1914S 19\"\" Monitor_Serial_957BS62', 163, '003/000', '2015-09-14', '2015-09-14', 4865, -4865, 0, 2, '1', '1', 5, 'TH6030501200165', 1, 'test', '0000-00-00 00:00:00', 'test', '0000-00-00 00:00:00', 0),
(260, 2, '1200166', 4, '\"HOD:ECCOM Dell P1914S 19\"\" Monitor_Serial_957DS62', 163, '003/000', '2015-09-14', '2015-09-14', 4865, -4865, 0, 2, '1', '1', 5, 'TH6030501200166', 1, 'test', '0000-00-00 00:00:00', 'test', '0000-00-00 00:00:00', 0),
(261, 2, '1400058', 6, 'HOD-CISCO UC PHONE 7942-(ECOM):IV000043367', 163, '005/000', '2015-09-16', '2015-09-16', 6000, -3952, 2048, 3, '1', '1', 5, 'TH6042001400058', 1, 'test', '0000-00-00 00:00:00', 'test', '0000-00-00 00:00:00', 0),
(262, 2, '1400059', 6, 'HOD-CISCO UC PHONE 7942-(ECOM):IV000043367', 163, '005/000', '2015-09-16', '2015-09-16', 6000, -3952, 2048, 3, '1', '1', 5, 'TH6042001400059', 1, 'test', '0000-00-00 00:00:00', 'test', '0000-00-00 00:00:00', 0),
(263, 2, '1400060', 6, 'HOD-CISCO UC PHONE 7942-(ECOM):IV000043367', 163, '005/000', '2015-09-16', '2015-09-16', 6000, -3952, 2048, 3, '1', '1', 5, 'TH6042001400060', 1, 'test', '0000-00-00 00:00:00', 'test', '0000-00-00 00:00:00', 0),
(264, 2, '1400061', 6, 'HOD-CISCO UC PHONE 7942-(ECOM):IV000043367', 163, '005/000', '2015-09-16', '2015-09-16', 6000, -3952, 2048, 3, '1', '1', 5, 'TH6042001400061', 1, 'test', '0000-00-00 00:00:00', 'test', '0000-00-00 00:00:00', 0),
(265, 2, '1400049', 6, 'HOD-CISCO UC PHONE 7942-(ECOM):IV000043389', 163, '005/000', '2015-09-17', '2015-09-17', 6000, -3948, 2052, 3, '1', '1', 5, 'TH6042001400049', 1, 'test', '0000-00-00 00:00:00', 'test', '0000-00-00 00:00:00', 0),
(266, 2, '1400050', 6, 'HOD-CISCO UC PHONE 7942-(ECOM):IV000043389', 163, '005/000', '2015-09-17', '2015-09-17', 6000, -3948, 2052, 3, '1', '1', 5, 'TH6042001400050', 1, 'test', '0000-00-00 00:00:00', 'test', '0000-00-00 00:00:00', 0),
(267, 2, '1400051', 6, 'HOD-CISCO UC PHONE 7942-(ECOM):IV000043389', 163, '005/000', '2015-09-17', '2015-09-17', 6000, -3948, 2052, 3, '1', '1', 5, 'TH6042001400051', 1, 'test', '0000-00-00 00:00:00', 'test', '0000-00-00 00:00:00', 0),
(268, 2, '1400052', 6, 'HOD-CISCO UC PHONE 7942-(ECOM):IV000043389', 163, '005/000', '2015-09-17', '2015-09-17', 6000, -3948, 2052, 3, '1', '1', 5, 'TH6042001400052', 1, 'test', '0000-00-00 00:00:00', 'test', '0000-00-00 00:00:00', 0),
(269, 2, '1400053', 6, 'HOD-CISCO UC PHONE 7942-(ECOM):IV000043389', 163, '005/000', '2015-09-17', '2015-09-17', 6000, -3948, 2052, 3, '1', '1', 5, 'TH6042001400053', 1, 'test', '0000-00-00 00:00:00', 'test', '0000-00-00 00:00:00', 0),
(270, 2, '1400054', 6, 'HOD-CISCO UC PHONE 7942-(ECOM):IV000043389', 163, '005/000', '2015-09-17', '2015-09-17', 6000, -3948, 2052, 3, '1', '1', 5, 'TH6042001400054', 1, 'test', '0000-00-00 00:00:00', 'test', '0000-00-00 00:00:00', 0),
(271, 2, '1400055', 6, 'HOD-CISCO UC PHONE 7942-(ECOM):IV000043389', 163, '005/000', '2015-09-17', '2015-09-17', 6000, -3948, 2052, 3, '1', '1', 5, 'TH6042001400055', 1, 'test', '0000-00-00 00:00:00', 'test', '0000-00-00 00:00:00', 0),
(272, 2, '1400056', 6, 'HOD-CISCO UC PHONE 7942-(ECOM):IV000043389', 163, '005/000', '2015-09-17', '2015-09-17', 6000, -3948, 2052, 3, '1', '1', 5, 'TH6042001400056', 1, 'test', '0000-00-00 00:00:00', 'test', '0000-00-00 00:00:00', 0),
(273, 2, '1400057', 6, 'HOD-CISCO UC PHONE 7942-(ECOM):IV000043389', 163, '005/000', '2015-09-17', '2015-09-17', 6000, -3948, 2052, 3, '1', '1', 5, 'TH6042001400057', 1, 'test', '0000-00-00 00:00:00', 'test', '0000-00-00 00:00:00', 0),
(274, 2, '1200113', 4, '\"HOD:ECCOM Dell P1914S 19\"\" Monitor_Serial_93LJS62', 163, '003/000', '2015-09-30', '2015-09-30', 4865, -4865, 0, 2, '1', '1', 5, 'TH6030501200113', 1, 'test', '0000-00-00 00:00:00', 'test', '0000-00-00 00:00:00', 0),
(275, 2, '1200196', 4, 'New laptop for Tem finance staffs', 161, '003/000', '2016-01-20', '2016-01-20', 26073, -25644, 429, 2, '1100033', '2400411067', 5, 'TH6030501200196', 1, 'test', '0000-00-00 00:00:00', 'test', '0000-00-00 00:00:00', 0),
(276, 2, '1200197', 4, 'New laptop for Tem finance staffs', 161, '003/000', '2016-01-20', '2016-01-20', 26073, -25644, 429, 2, '1100033', '2400411067', 5, 'TH6030501200197', 1, 'test', '0000-00-00 00:00:00', 'test', '0000-00-00 00:00:00', 0),
(277, 2, '1200198', 4, 'New laptop for Tem finance staffs', 164, '003/000', '2016-03-03', '2016-03-03', 155, -146, 9, 2, '1100107', '2400417346', 5, 'TH6030501200198', 1, 'test', '0000-00-00 00:00:00', 'test', '0000-00-00 00:00:00', 0),
(278, 2, '1200199', 4, 'New laptop for Tem finance staffs', 164, '003/000', '2016-03-03', '2016-03-03', 155, -146, 9, 2, '1100107', '2400417346', 5, 'TH6030501200199', 1, 'test', '0000-00-00 00:00:00', 'test', '0000-00-00 00:00:00', 0),
(279, 2, '1200200', 4, 'New laptop for Tem finance staffs', 164, '003/000', '2016-03-03', '2016-03-03', 1203, -1136, 67, 2, '1100107', '2400417346', 5, 'TH6030501200200', 1, 'test', '0000-00-00 00:00:00', 'test', '0000-00-00 00:00:00', 0),
(280, 2, '1200201', 4, 'New laptop for Tem finance staffs', 164, '003/000', '2016-03-03', '2016-03-03', 1203, -1136, 67, 2, '1100107', '2400417346', 5, 'TH6030501200201', 1, 'test', '0000-00-00 00:00:00', 'test', '0000-00-00 00:00:00', 0),
(281, 2, '1200202', 4, 'New laptop for Tem finance staffs', 164, '003/000', '2016-03-03', '2016-03-03', 26695, -25206, 1489, 2, '1100108', '2400417500', 5, 'TH6030501200202', 1, 'test', '0000-00-00 00:00:00', 'test', '0000-00-00 00:00:00', 0),
(282, 2, '1200203', 4, 'New laptop for Tem finance staffs', 164, '003/000', '2016-03-03', '2016-03-03', 26695, -25206, 1489, 2, '1100108', '2400417500', 5, 'TH6030501200203', 1, 'test', '0000-00-00 00:00:00', 'test', '0000-00-00 00:00:00', 0),
(283, 2, '1200204', 4, 'New laptop for IT support', 165, '003/000', '2016-04-20', '2016-04-20', 28564, -25718, 2846, 2, '1100170', '2400426091', 5, 'TH6030501200204', 1, 'test', '0000-00-00 00:00:00', 'test', '0000-00-00 00:00:00', 0),
(284, 2, '1200205', 4, 'New laptop for IT support', 165, '003/000', '2016-04-20', '2016-04-20', 28564, -25718, 2846, 2, '1100170', '2400426091', 5, 'TH6030501200205', 1, 'test', '0000-00-00 00:00:00', 'test', '0000-00-00 00:00:00', 0),
(285, 2, '1200206', 4, 'laptop set for IT support 04/16', 165, '003/000', '2016-04-20', '2016-04-20', 166, -149, 17, 2, '1100171', '2400425919', 5, 'TH6030501200206', 1, 'test', '0000-00-00 00:00:00', 'test', '0000-00-00 00:00:00', 0),
(286, 2, '1200207', 4, 'laptop set for IT support 04/16', 165, '003/000', '2016-04-20', '2016-04-20', 166, -149, 17, 2, '1100171', '2400425919', 5, 'TH6030501200207', 1, 'test', '0000-00-00 00:00:00', 'test', '0000-00-00 00:00:00', 0),
(287, 2, '1200208', 4, 'laptop set for IT support 04/16', 165, '003/000', '2016-04-20', '2016-04-20', 1287, -1159, 128, 2, '1100171', '2400425919', 5, 'TH6030501200208', 1, 'test', '0000-00-00 00:00:00', 'test', '0000-00-00 00:00:00', 0),
(288, 2, '1200209', 4, 'laptop set for IT support 04/16', 165, '003/000', '2016-04-20', '2016-04-20', 1287, -1159, 128, 2, '1100171', '2400425919', 5, 'TH6030501200209', 1, 'test', '0000-00-00 00:00:00', 'test', '0000-00-00 00:00:00', 0),
(289, 2, '1200210', 4, 'laptop set for new staff HR', 166, '003/000', '2016-05-13', '2016-05-13', 28564, -25118, 3446, 2, '1100195', '2400430257', 5, 'TH6030501200210', 1, 'test', '0000-00-00 00:00:00', 'test', '0000-00-00 00:00:00', 0),
(290, 2, '1200211', 4, 'laptop set for new staff HR', 166, '003/000', '2016-05-13', '2016-05-13', 166, -146, 20, 2, '1100196', '2400430229', 5, 'TH6030501200211', 1, 'test', '0000-00-00 00:00:00', 'test', '0000-00-00 00:00:00', 0),
(291, 2, '1200212', 4, 'laptop set for new staff HR', 166, '003/000', '2016-05-13', '2016-05-13', 1287, -1132, 155, 2, '1100196', '2400430229', 5, 'TH6030501200212', 1, 'test', '0000-00-00 00:00:00', 'test', '0000-00-00 00:00:00', 0),
(292, 2, '1200227', 4, 'Dell - set Laptop for HR department Tag Nos.G1BTGC', 166, '003/000', '2016-07-08', '2016-07-08', 26695, -22109, 4586, 2, '1100299', '2400440278', 5, 'TH6030501200227', 1, 'test', '0000-00-00 00:00:00', 'test', '0000-00-00 00:00:00', 0),
(293, 2, '1200228', 4, 'Dell-set Laptop for HR departmentTag Nos.G1BTGC2', 166, '003/000', '2016-07-08', '2016-07-08', 1358, -1125, 233, 2, '1100300', '2400440272', 5, 'TH6030501200228', 1, 'test', '0000-00-00 00:00:00', 'test', '0000-00-00 00:00:00', 0),
(294, 2, '1200229', 4, 'Dell backpack&mouse 39ZCJC2', 167, '003/000', '2016-07-08', '2016-07-08', 1358, -1125, 233, 2, '1100301', '2400440277', 5, 'TH6030501200229', 1, 'test', '0000-00-00 00:00:00', 'test', '0000-00-00 00:00:00', 0),
(295, 2, '1200230', 4, 'Dell backpack&mouse 39ZCJC2', 167, '003/000', '2016-07-08', '2016-07-08', 1358, -1125, 233, 2, '1100301', '2400440277', 5, 'TH6030501200230', 1, 'test', '0000-00-00 00:00:00', 'test', '0000-00-00 00:00:00', 0),
(296, 2, '1200231', 4, 'Dell backpack&mouse 403DJC2', 167, '003/000', '2016-07-08', '2016-07-08', 1358, -1125, 233, 2, '1100301', '2400440277', 5, 'TH6030501200231', 1, 'test', '0000-00-00 00:00:00', 'test', '0000-00-00 00:00:00', 0),
(297, 2, '1200232', 4, 'Dell - Laptop for TH Customer Service No.39ZCJC2', 167, '003/000', '2016-07-08', '2016-07-08', 26695, -22109, 4586, 2, '1100302', '2400440315', 5, 'TH6030501200232', 1, 'test', '0000-00-00 00:00:00', 'test', '0000-00-00 00:00:00', 0),
(298, 2, '1200233', 4, 'Dell - Laptop for TH Customer Service No.HWLCJC2', 167, '003/000', '2016-07-08', '2016-07-08', 26695, -22109, 4586, 2, '1100302', '2400440315', 5, 'TH6030501200233', 1, 'test', '0000-00-00 00:00:00', 'test', '0000-00-00 00:00:00', 0),
(299, 2, '1200234', 4, 'Dell - Laptop for TH Customer Service No.403DJC2', 167, '003/000', '2016-07-08', '2016-07-08', 26695, -22109, 4586, 2, '1100302', '2400440315', 5, 'TH6030501200234', 1, 'test', '0000-00-00 00:00:00', 'test', '0000-00-00 00:00:00', 0),
(300, 2, '1200235', 4, 'Dell - PC for CS dpt 7BT5HD2', 167, '003/000', '2016-07-08', '2016-07-08', 24569, -20349, 4221, 2, '1100305', '2400440276', 5, 'TH6030501200235', 1, 'test', '0000-00-00 00:00:00', 'test', '0000-00-00 00:00:00', 0),
(301, 2, '1200236', 4, 'Dell - PC for CS dpt 7BR4HD2', 167, '003/000', '2016-07-08', '2016-07-08', 24569, -20349, 4221, 2, '1100305', '2400440276', 5, 'TH6030501200236', 1, 'test', '0000-00-00 00:00:00', 'test', '0000-00-00 00:00:00', 0),
(302, 2, '1200237', 4, 'Dell - PC for CS dpt 7BW2HD2', 167, '003/000', '2016-07-08', '2016-07-08', 24569, -20349, 4221, 2, '1100305', '2400440276', 5, 'TH6030501200237', 1, 'test', '0000-00-00 00:00:00', 'test', '0000-00-00 00:00:00', 0),
(303, 2, '1200238', 4, 'Dell - PC for CS dpt 7BV4HD2', 167, '003/000', '2016-07-08', '2016-07-08', 24569, -20349, 4221, 2, '1100305', '2400440276', 5, 'TH6030501200238', 1, 'test', '0000-00-00 00:00:00', 'test', '0000-00-00 00:00:00', 0),
(304, 2, '1200239', 4, 'Dell - Laptop for Finance dpt Tag Nos.FNRCLC2', 164, '003/000', '2016-07-08', '2016-07-08', 1358, -1125, 233, 2, '1100306', '2400440288', 5, 'TH6030501200239', 1, 'test', '0000-00-00 00:00:00', 'test', '0000-00-00 00:00:00', 0),
(305, 2, '1200240', 4, 'Dell - Laptop for Finance manager Tag Nos.FNRCJC2)', 164, '003/000', '2016-07-08', '2016-07-08', 26695, -22109, 4586, 2, '1100307', '2400440318', 5, 'TH6030501200240', 1, 'test', '0000-00-00 00:00:00', 'test', '0000-00-00 00:00:00', 0),
(306, 2, '1200241', 4, 'Dell - PC for HR dpt (Tag Nos.8368HD2)', 166, '003/000', '2016-07-08', '2016-07-08', 24569, -20349, 4221, 2, '1100308', '2400440287', 5, 'TH6030501200241', 1, 'test', '0000-00-00 00:00:00', 'test', '0000-00-00 00:00:00', 0),
(307, 2, '1200213', 4, 'Cisco UC Phone for HR dpt(CP-7821-K9)', 166, '005/000', '2016-07-14', '2016-07-14', 5000, -2468, 2532, 2, '1100290', 'IV000002136', 5, 'TH6030501200213', 1, 'test', '0000-00-00 00:00:00', 'test', '0000-00-00 00:00:00', 0),
(308, 2, '1200214', 4, 'Cisco UC Phone for HR dpt (CP-7821-K9)', 166, '005/000', '2016-07-14', '2016-07-14', 5000, -2468, 2532, 2, '1100291', 'IV000002134', 5, 'TH6030501200214', 1, 'test', '0000-00-00 00:00:00', 'test', '0000-00-00 00:00:00', 0),
(309, 2, '1200221', 4, 'Cisco UC Phone for Finance dpt(CP-7821-K9)', 164, '005/000', '2016-07-14', '2016-07-14', 5000, -2468, 2532, 2, '1100293', 'IV000002135', 5, 'TH6030501200221', 1, 'test', '0000-00-00 00:00:00', 'test', '0000-00-00 00:00:00', 0),
(310, 2, '1200222', 4, 'Cisco UC Phone for Finance dpt(CP-7821-K9)', 164, '005/000', '2016-07-14', '2016-07-14', 5000, -2468, 2532, 2, '1100293', 'IV000002135', 5, 'TH6030501200222', 1, 'test', '0000-00-00 00:00:00', 'test', '0000-00-00 00:00:00', 0),
(311, 2, '1200223', 4, 'Dell -Set laptop for Sell dpt Tag Nos.7KRCJC2', 160, '003/000', '2016-07-15', '2016-07-15', 26695, -21939, 4756, 2, '1100294', '2400441615', 5, 'TH6030501200223', 1, 'test', '0000-00-00 00:00:00', 'test', '0000-00-00 00:00:00', 0),
(312, 2, '1200224', 4, 'Dell -Set laptop for Sell dpt Tag Nos.6WLCJC2', 160, '003/000', '2016-07-15', '2016-07-15', 26695, -21939, 4756, 2, '1100294', '2400441615', 5, 'TH6030501200224', 1, 'test', '0000-00-00 00:00:00', 'test', '0000-00-00 00:00:00', 0),
(313, 2, '1200225', 4, 'Dell-mouse&backpack Tag Nos.7KRCJC2', 160, '003/000', '2016-07-15', '2016-07-15', 1358, -1116, 242, 2, '1100298', '2400441609', 5, 'TH6030501200225', 1, 'test', '0000-00-00 00:00:00', 'test', '0000-00-00 00:00:00', 0),
(314, 2, '1200226', 4, 'Dell-mouse&backpack Tag Nos.6WLCJC2', 160, '003/000', '2016-07-15', '2016-07-15', 1358, -1116, 242, 2, '1100298', '2400441609', 5, 'TH6030501200226', 1, 'test', '0000-00-00 00:00:00', 'test', '0000-00-00 00:00:00', 0),
(315, 2, '1200215', 4, 'Cisco UC Phone for CS dpt (CP-7821-K9)', 167, '005/000', '2016-07-22', '2016-07-22', 5000, -2446, 2554, 2, '1100292', 'IV000002143', 5, 'TH6030501200215', 1, 'test', '0000-00-00 00:00:00', 'test', '0000-00-00 00:00:00', 0),
(316, 2, '1200216', 4, 'Cisco UC Phone for CS dpt (CP-7821-K9)', 167, '005/000', '2016-07-22', '2016-07-22', 5000, -2446, 2554, 2, '1100292', 'IV000002143', 5, 'TH6030501200216', 1, 'test', '0000-00-00 00:00:00', 'test', '0000-00-00 00:00:00', 0),
(317, 2, '1200217', 4, 'Cisco UC Phone for CS dpt (CP-7821-K9)', 167, '005/000', '2016-07-22', '2016-07-22', 5000, -2446, 2554, 2, '1100292', 'IV000002143', 5, 'TH6030501200217', 1, 'test', '0000-00-00 00:00:00', 'test', '0000-00-00 00:00:00', 0),
(318, 2, '1200218', 4, 'Cisco UC Phone for CS dpt (CP-7821-K9)', 167, '005/000', '2016-07-22', '2016-07-22', 5000, -2446, 2554, 2, '1100292', 'IV000002143', 5, 'TH6030501200218', 1, 'test', '0000-00-00 00:00:00', 'test', '0000-00-00 00:00:00', 0),
(319, 2, '1200219', 4, 'Cisco UC Phone for CS dpt (CP-7821-K9)', 167, '005/000', '2016-07-22', '2016-07-22', 5000, -2446, 2554, 2, '1100292', 'IV000002143', 5, 'TH6030501200219', 1, 'test', '0000-00-00 00:00:00', 'test', '0000-00-00 00:00:00', 0),
(320, 2, '1200220', 4, 'Cisco UC Phone for CS dpt (CP-7821-K9)', 167, '005/000', '2016-07-22', '2016-07-22', 5000, -2446, 2554, 2, '1100292', 'IV000002143', 5, 'TH6030501200220', 1, 'test', '0000-00-00 00:00:00', 'test', '0000-00-00 00:00:00', 0),
(321, 2, '1200242', 4, 'Std2016 SNGL MVL license/dept(021-10559)_09/16', 167, '003/000', '2016-09-06', '2016-09-06', 10008, -7740, 2267, 2, '1100399', '3111120956', 5, 'TH6030501200242', 1, 'test', '0000-00-00 00:00:00', 'test', '0000-00-00 00:00:00', 0),
(322, 2, '1200243', 4, 'Std2016 SNGL MVL license/dept(021-10559)_09/16', 167, '003/000', '2016-09-06', '2016-09-06', 10008, -7740, 2267, 2, '1100399', '3111120956', 5, 'TH6030501200243', 1, 'test', '0000-00-00 00:00:00', 'test', '0000-00-00 00:00:00', 0),
(323, 2, '1200244', 4, 'Std2016 SNGL MVL license/dept(021-10559)_09/16', 167, '003/000', '2016-09-06', '2016-09-06', 10008, -7740, 2267, 2, '1100399', '3111120956', 5, 'TH6030501200244', 1, 'test', '0000-00-00 00:00:00', 'test', '0000-00-00 00:00:00', 0),
(324, 2, '1200245', 4, 'Std2016 SNGL MVL license/dept(021-10559)_09/16', 167, '003/000', '2016-09-06', '2016-09-06', 10008, -7740, 2267, 2, '1100399', '3111120956', 5, 'TH6030501200245', 1, 'test', '0000-00-00 00:00:00', 'test', '0000-00-00 00:00:00', 0),
(325, 2, '1200246', 4, 'Std2016 SNGL MVL license/dept(021-10559)_09/16', 167, '003/000', '2016-09-06', '2016-09-06', 10008, -7740, 2267, 2, '1100399', '3111120956', 5, 'TH6030501200246', 1, 'test', '0000-00-00 00:00:00', 'test', '0000-00-00 00:00:00', 0),
(326, 2, '1200247', 4, 'Std2016 SNGL MVL license/dept(021-10559)_09/16', 167, '003/000', '2016-09-06', '2016-09-06', 10008, -7740, 2267, 2, '1100399', '3111120956', 5, 'TH6030501200247', 1, 'test', '0000-00-00 00:00:00', 'test', '0000-00-00 00:00:00', 0),
(327, 2, '1200248', 4, 'Std2016 SNGL MVL license/dept(021-10559)_09/16', 167, '003/000', '2016-09-06', '2016-09-06', 10008, -7740, 2267, 2, '1100399', '3111120956', 5, 'TH6030501200248', 1, 'test', '0000-00-00 00:00:00', 'test', '0000-00-00 00:00:00', 0),
(328, 2, '500000', 3, 'Wigang Reader FOR Manetic Lock_07/17', 161, '005/000', '2017-07-20', '2017-07-20', 21400, -6215, 15185, 6, '1100301', 'INV6007-0123', 5, 'TH602000500000', 1, 'test', '0000-00-00 00:00:00', 'test', '0000-00-00 00:00:00', 0),
(329, 2, '500001', 3, 'Manetic Lock_07/17', 161, '005/000', '2017-07-20', '2017-07-20', 6955, -2020, 4935, 6, '1100301', 'INV6007-0123', 5, 'TH602000500001', 1, 'test', '0000-00-00 00:00:00', 'test', '0000-00-00 00:00:00', 0),
(330, 2, '1400062', 5, 'Desk _81_41BD0712-LFW-TWO RECT SINGLE DESK_07/17', 168, '005/000', '2017-07-07', '2017-07-07', 6986, -2078, 4907, 4, '1100302', 'SD160003082', 5, 'TH6040001400062', 1, 'test', '0000-00-00 00:00:00', 'test', '0000-00-00 00:00:00', 0),
(331, 2, '1400063', 5, 'Desk _81_41BD0712-LFW-TWO RECT SINGLE DESK_07/17', 168, '005/000', '2017-07-07', '2017-07-07', 6986, -2078, 4907, 4, '1100302', 'SD160003082', 5, 'TH6040001400063', 1, 'test', '0000-00-00 00:00:00', 'test', '0000-00-00 00:00:00', 0),
(332, 2, '1400064', 5, 'Desk _81_41BD0712-LFW-TWO RECT SINGLE DESK_07/17', 168, '005/000', '2017-07-07', '2017-07-07', 6986, -2078, 4907, 4, '1100302', 'SD160003082', 5, 'TH6040001400064', 1, 'test', '0000-00-00 00:00:00', 'test', '0000-00-00 00:00:00', 0),
(333, 2, '1400065', 5, 'Desk _81_41BD0712-LFW-TWO RECT SINGLE DESK_07/17', 168, '005/000', '2017-07-07', '2017-07-07', 6985, -2078, 4907, 4, '1100302', 'SD160003082', 5, 'TH6040001400065', 1, 'test', '0000-00-00 00:00:00', 'test', '0000-00-00 00:00:00', 0),
(334, 2, '1400066', 5, 'Chair For IT 71-TSE21AAS-SCG1-BCEB SENSE CHAIR,MID', 168, '005/000', '2017-07-07', '2017-07-07', 5302, -1578, 3725, 4, '1100303', 'SD160003071', 5, 'TH6040001400066', 1, 'test', '0000-00-00 00:00:00', 'test', '0000-00-00 00:00:00', 0),
(335, 2, '1400067', 5, 'Chair For IT 71-TSE21AAS-SCG1-BCEB SENSE CHAIR,MID', 168, '005/000', '2017-07-07', '2017-07-07', 5302, -1578, 3725, 4, '1100303', 'SD160003071', 5, 'TH6040001400067', 1, 'test', '0000-00-00 00:00:00', 'test', '0000-00-00 00:00:00', 0),
(336, 2, '1400068', 5, 'Chair For IT 71-TSE21AAS-SCG1-BCEB SENSE CHAIR,MID', 168, '005/000', '2017-07-07', '2017-07-07', 5302, -1578, 3725, 4, '1100303', 'SD160003071', 5, 'TH6040001400068', 1, 'test', '0000-00-00 00:00:00', 'test', '0000-00-00 00:00:00', 0),
(337, 2, '1400069', 5, 'Chair For IT 71-TSE21AAS-SCG1-BCEB SENSE CHAIR,MID', 168, '005/000', '2017-07-07', '2017-07-07', 5302, -1578, 3725, 4, '1100303', 'SD160003071', 5, 'TH6040001400069', 1, 'test', '0000-00-00 00:00:00', 'test', '0000-00-00 00:00:00', 0),
(338, 2, '1400070', 5, 'Chair For IT 71-TSE21AAS-SCG1-BCEB SENSE CHAIR,MID', 168, '005/000', '2017-07-07', '2017-07-07', 5302, -1578, 3725, 4, '1100303', 'SD160003071', 5, 'TH6040001400070', 1, 'test', '0000-00-00 00:00:00', 'test', '0000-00-00 00:00:00', 0),
(339, 2, '1400071', 5, 'Chair FOR HR䫖齿陌᫋TSE21AAS-SCG1-BCEB SE', 168, '005/000', '2017-07-07', '2017-07-07', 5302, -1578, 3725, 4, '1100303', 'SD160003071', 5, 'TH6040001400071', 1, 'test', '0000-00-00 00:00:00', 'test', '0000-00-00 00:00:00', 0),
(340, 2, '1400072', 5, 'Chair FOR HR䫖齿陌᫋TSE21AAS-SCG1-BCEB SE', 168, '005/000', '2017-07-07', '2017-07-07', 5302, -1578, 3725, 4, '1100303', 'SD160003071', 5, 'TH6040001400072', 1, 'test', '0000-00-00 00:00:00', 'test', '0000-00-00 00:00:00', 0),
(341, 2, '1400073', 5, 'Chair FOR HR䫖齿陌᫋TSE21AAS-SCG1-BCEB SE', 168, '005/000', '2017-07-07', '2017-07-07', 5302, -1578, 3725, 4, '1100303', 'SD160003071', 5, 'TH6040001400073', 1, 'test', '0000-00-00 00:00:00', 'test', '0000-00-00 00:00:00', 0),
(342, 2, '1400074', 5, 'Chair FOR HR䫖齿陌᫋TSE21AAS-SCG1-BCEB SE', 168, '005/000', '2017-07-07', '2017-07-07', 5302, -1578, 3725, 4, '1100303', 'SD160003071', 5, 'TH6040001400074', 1, 'test', '0000-00-00 00:00:00', 'test', '0000-00-00 00:00:00', 0),
(343, 2, '1400075', 5, 'Chair FOR HR䫖齿陌᫋TSE21AAS-SCG1-BCEB SE', 168, '005/000', '2017-07-07', '2017-07-07', 5302, -1578, 3725, 4, '1100303', 'SD160003071', 5, 'TH6040001400075', 1, 'test', '0000-00-00 00:00:00', 'test', '0000-00-00 00:00:00', 0),
(344, 2, '1400076', 5, 'Chair FOR HR䫖齿陌᫋TSE21AAS-SCG1-BCEB SE', 168, '005/000', '2017-07-07', '2017-07-07', 5302, -1578, 3725, 4, '1100303', 'SD160003071', 5, 'TH6040001400076', 1, 'test', '0000-00-00 00:00:00', 'test', '0000-00-00 00:00:00', 0),
(345, 2, '1400077', 5, 'Chair FOR HR䫖齿陌᫋TSE21AAS-SCG1-BCEB SE', 168, '005/000', '2017-07-07', '2017-07-07', 5302, -1578, 3725, 4, '1100303', 'SD160003071', 5, 'TH6040001400077', 1, 'test', '0000-00-00 00:00:00', 'test', '0000-00-00 00:00:00', 0),
(346, 2, '1400078', 5, 'Chair FOR HR䫖齿陌᫋TSE21AAS-SCG1-BCEB SE', 168, '005/000', '2017-07-07', '2017-07-07', 5302, -1578, 3725, 4, '1100303', 'SD160003071', 5, 'TH6040001400078', 1, 'test', '0000-00-00 00:00:00', 'test', '0000-00-00 00:00:00', 0),
(347, 2, '1400079', 5, 'Chair FOR HR䫖齿陌᫋TSE21AAS-SCG1-BCEB SE', 168, '005/000', '2017-07-07', '2017-07-07', 5302, -1578, 3725, 4, '1100303', 'SD160003071', 5, 'TH6040001400079', 1, 'test', '0000-00-00 00:00:00', 'test', '0000-00-00 00:00:00', 0),
(348, 2, '1400080', 5, 'Chair FOR HR䫖齿陌᫋TSE21AAS-SCG1-BCEB SE', 168, '005/000', '2017-07-07', '2017-07-07', 5302, -1578, 3725, 4, '1100303', 'SD160003071', 5, 'TH6040001400080', 1, 'test', '0000-00-00 00:00:00', 'test', '0000-00-00 00:00:00', 0),
(349, 2, '1400081', 5, 'Chair FOR HR䫖齿陌᫋TSE21AAS-SCG1-BCEB SE', 168, '005/000', '2017-07-07', '2017-07-07', 5302, -1578, 3725, 4, '1100303', 'SD160003071', 5, 'TH6040001400081', 1, 'test', '0000-00-00 00:00:00', 'test', '0000-00-00 00:00:00', 0),
(350, 2, '1400082', 5, 'Chair FOR HR䫖齿陌᫋TSE21AAS-SCG1-BCEB SE', 168, '005/000', '2017-07-07', '2017-07-07', 5302, -1578, 3725, 4, '1100303', 'SD160003071', 5, 'TH6040001400082', 1, 'test', '0000-00-00 00:00:00', 'test', '0000-00-00 00:00:00', 0),
(351, 2, '1400083', 5, 'Chair FOR HR䫖齿陌᫋TSE21AAS-SCG1-BCEB SE', 168, '005/000', '2017-07-07', '2017-07-07', 5302, -1578, 3725, 4, '1100303', 'SD160003071', 5, 'TH6040001400083', 1, 'test', '0000-00-00 00:00:00', 'test', '0000-00-00 00:00:00', 0),
(352, 2, '1400084', 5, 'Chair FOR HR䫖齿陌᫋TSE21AAS-SCG1-BCEB SE', 168, '005/000', '2017-07-07', '2017-07-07', 5302, -1578, 3725, 4, '1100303', 'SD160003071', 5, 'TH6040001400084', 1, 'test', '0000-00-00 00:00:00', 'test', '0000-00-00 00:00:00', 0),
(353, 2, '1400085', 5, 'Chair FOR HR䫖齿陌᫋TSE21AAS-SCG1-BCEB SE', 168, '005/000', '2017-07-07', '2017-07-07', 5302, -1578, 3725, 4, '1100303', 'SD160003071', 5, 'TH6040001400085', 1, 'test', '0000-00-00 00:00:00', 'test', '0000-00-00 00:00:00', 0),
(354, 2, '1400086', 5, 'Chair FOR HR䫖齿陌᫋TSE21AAS-SCG1-BCEB SE', 168, '005/000', '2017-07-07', '2017-07-07', 5302, -1578, 3725, 4, '1100303', 'SD160003071', 5, 'TH6040001400086', 1, 'test', '0000-00-00 00:00:00', 'test', '0000-00-00 00:00:00', 0),
(355, 2, '1400087', 5, 'Chair FOR HR䫖齿陌᫋TSE21AAS-SCG1-BCEB SE', 168, '005/000', '2017-07-07', '2017-07-07', 5302, -1578, 3725, 4, '1100303', 'SD160003071', 5, 'TH6040001400087', 1, 'test', '0000-00-00 00:00:00', 'test', '0000-00-00 00:00:00', 0),
(356, 2, '1400088', 5, 'Chair FOR HR䫖齿陌᫋TSE21AAS-SCG1-BCEB SE', 168, '005/000', '2017-07-07', '2017-07-07', 5302, -1578, 3725, 4, '1100303', 'SD160003071', 5, 'TH6040001400088', 1, 'test', '0000-00-00 00:00:00', 'test', '0000-00-00 00:00:00', 0),
(357, 2, '1400089', 5, 'Chair FOR HR䫖齿陌᫋TSE21AAS-SCG1-BCEB SE', 168, '005/000', '2017-07-07', '2017-07-07', 5302, -1578, 3725, 4, '1100303', 'SD160003071', 5, 'TH6040001400089', 1, 'test', '0000-00-00 00:00:00', 'test', '0000-00-00 00:00:00', 0),
(358, 2, '1400090', 5, 'Chair FOR HR䫖齿陌᫋TSE21AAS-SCG1-BCEB SE', 168, '005/000', '2017-07-07', '2017-07-07', 5302, -1578, 3725, 4, '1100303', 'SD160003071', 5, 'TH6040001400090', 1, 'test', '0000-00-00 00:00:00', 'test', '0000-00-00 00:00:00', 0),
(359, 2, '1400091', 5, 'Chair FOR HR䫖齿陌᫋TSE21AAS-SCG1-BCEB SE', 168, '005/000', '2017-07-07', '2017-07-07', 5302, -1578, 3725, 4, '1100303', 'SD160003071', 5, 'TH6040001400091', 1, 'test', '0000-00-00 00:00:00', 'test', '0000-00-00 00:00:00', 0),
(360, 2, '1400092', 5, 'Chair FOR HR䫖齿陌᫋TSE21AAS-SCG1-BCEB SE', 168, '005/000', '2017-07-07', '2017-07-07', 5302, -1578, 3725, 4, '1100303', 'SD160003071', 5, 'TH6040001400092', 1, 'test', '0000-00-00 00:00:00', 'test', '0000-00-00 00:00:00', 0),
(361, 2, '1400093', 5, 'Desk FOR HR䫖齿陌᫋41BDR1612-LFW-TMO  REC', 168, '005/000', '2017-07-07', '2017-07-07', 25731, -7656, 18075, 4, '1100303', 'SD160003071', 5, 'TH6040001400093', 1, 'test', '0000-00-00 00:00:00', 'test', '0000-00-00 00:00:00', 0),
(362, 2, '1400094', 5, 'Desk FOR HR䫖齿陌᫋41BDR1612-LFW-TMO  REC', 168, '005/000', '2017-07-07', '2017-07-07', 25731, -7656, 18075, 4, '1100303', 'SD160003071', 5, 'TH6040001400094', 1, 'test', '0000-00-00 00:00:00', 'test', '0000-00-00 00:00:00', 0),
(363, 2, '1400095', 5, 'Desk FOR HR䫖齿陌᫋41BDR1612-LFW-TMO  REC', 168, '005/000', '2017-07-07', '2017-07-07', 25731, -7656, 18075, 4, '1100303', 'SD160003071', 5, 'TH6040001400095', 1, 'test', '0000-00-00 00:00:00', 'test', '0000-00-00 00:00:00', 0),
(364, 2, '1400096', 5, 'Desk FOR HR䫖齿陌᫋41BDR1612-LFW-TMO  REC', 168, '005/000', '2017-07-07', '2017-07-07', 25731, -7656, 18075, 4, '1100303', 'SD160003071', 5, 'TH6040001400096', 1, 'test', '0000-00-00 00:00:00', 'test', '0000-00-00 00:00:00', 0),
(365, 2, '1400097', 5, 'Desk FOR HR䫖齿陌᫋41BDR1612-LFW-TMO  REC', 168, '005/000', '2017-07-07', '2017-07-07', 25731, -7656, 18075, 4, '1100303', 'SD160003071', 5, 'TH6040001400097', 1, 'test', '0000-00-00 00:00:00', 'test', '0000-00-00 00:00:00', 0),
(366, 2, '1400098', 5, 'Desk FOR HR䫖齿陌᫋41BDR1612-LFW-TMO  REC', 168, '005/000', '2017-07-07', '2017-07-07', 25731, -7656, 18075, 4, '1100303', 'SD160003071', 5, 'TH6040001400098', 1, 'test', '0000-00-00 00:00:00', 'test', '0000-00-00 00:00:00', 0),
(367, 2, '1400099', 5, 'Desk FOR HR䫖齿陌᫋41BDR1612-LFW-TMO  REC', 168, '005/000', '2017-07-07', '2017-07-07', 25731, -7656, 18075, 4, '1100303', 'SD160003071', 5, 'TH6040001400099', 1, 'test', '0000-00-00 00:00:00', 'test', '0000-00-00 00:00:00', 0),
(368, 2, '1400100', 5, 'Desk FOR HR䫖齿陌᫋41BDR1612-LFW-TMO  REC', 168, '005/000', '2017-07-07', '2017-07-07', 25731, -7656, 18075, 4, '1100303', 'SD160003071', 5, 'TH6040001400100', 1, 'test', '0000-00-00 00:00:00', 'test', '0000-00-00 00:00:00', 0),
(369, 2, '1400101', 5, 'Desk FOR HR䫖齿陌᫋41BDR1612-LFW-TMO  REC', 168, '005/000', '2017-07-07', '2017-07-07', 25731, -7656, 18075, 4, '1100303', 'SD160003071', 5, 'TH6040001400101', 1, 'test', '0000-00-00 00:00:00', 'test', '0000-00-00 00:00:00', 0),
(370, 2, '1400102', 5, 'Desk FOR MGR 81-ACL810-BMW-FMO-CAR-TMO CABINET-BMW', 168, '005/000', '2017-07-07', '2017-07-07', 3596, -1070, 2526, 4, '1100303', 'SD160003071', 5, 'TH6040001400102', 1, 'test', '0000-00-00 00:00:00', 'test', '0000-00-00 00:00:00', 0),
(371, 2, '1400103', 5, 'Desk FOR MGR 81-ACL810-BMW-FMO-CAR-TMO CABINET-BMW', 168, '005/000', '2017-07-07', '2017-07-07', 3596, -1070, 2526, 4, '1100303', 'SD160003071', 5, 'TH6040001400103', 1, 'test', '0000-00-00 00:00:00', 'test', '0000-00-00 00:00:00', 0),
(372, 2, '1400104', 5, 'Chair FOR MGR 81-ACL810-BMW-FMO-CAR-TMO CABINET-BM', 168, '005/000', '2017-07-07', '2017-07-07', 5856, -1742, 4113, 4, '1100303', 'SD160003071', 5, 'TH6040001400104', 1, 'test', '0000-00-00 00:00:00', 'test', '0000-00-00 00:00:00', 0),
(373, 2, '1400105', 5, 'Chair FOR MGR 81-ACL810-BMW-FMO-CAR-TMO CABINET-BM', 168, '005/000', '2017-07-07', '2017-07-07', 4531, -1348, 3183, 4, '1100303', 'SD160003071', 5, 'TH6040001400105', 1, 'test', '0000-00-00 00:00:00', 'test', '0000-00-00 00:00:00', 0),
(374, 2, '1400106', 5, 'Chair FOR MGR 81-ACL810-BMW-FMO-CAR-TMO CABINET-BM', 168, '005/000', '2017-07-07', '2017-07-07', 4531, -1348, 3183, 4, '1100303', 'SD160003071', 5, 'TH6040001400106', 1, 'test', '0000-00-00 00:00:00', 'test', '0000-00-00 00:00:00', 0),
(375, 2, '1400107', 5, 'Chair FOR MGR 81-ACL810-BMW-FMO-CAR-TMO CABINET-BM', 168, '005/000', '2017-07-07', '2017-07-07', 3596, -1070, 2526, 4, '1100303', 'SD160003071', 5, 'TH6040001400107', 1, 'test', '0000-00-00 00:00:00', 'test', '0000-00-00 00:00:00', 0),
(376, 2, '1400108', 5, 'Chair FOR MGR 81-ACL810-BMW-FMO-CAR-TMO CABINET-BM', 168, '005/000', '2017-07-07', '2017-07-07', 3596, -1070, 2526, 4, '1100303', 'SD160003071', 5, 'TH6040001400108', 1, 'test', '0000-00-00 00:00:00', 'test', '0000-00-00 00:00:00', 0),
(377, 2, '1400109', 5, 'Chair FOR MGR 81-ACL810-BMW-FMO-CAR-TMO CABINET-BM', 168, '005/000', '2017-07-07', '2017-07-07', 3596, -1070, 2526, 4, '1100303', 'SD160003071', 5, 'TH6040001400109', 1, 'test', '0000-00-00 00:00:00', 'test', '0000-00-00 00:00:00', 0),
(378, 2, '1400110', 5, 'Chair FOR MGR 81-ACL810-BMW-FMO-CAR-TMO CABINET-BM', 168, '005/000', '2017-07-07', '2017-07-07', 3596, -1070, 2526, 4, '1100303', 'SD160003071', 5, 'TH6040001400110', 1, 'test', '0000-00-00 00:00:00', 'test', '0000-00-00 00:00:00', 0),
(379, 2, '1400111', 5, 'Chair FOR MGR 81-ACL810-BMW-FMO-CAR-TMO CABINET-BM', 168, '005/000', '2017-07-07', '2017-07-07', 3596, -1070, 2526, 4, '1100303', 'SD160003071', 5, 'TH6040001400111', 1, 'test', '0000-00-00 00:00:00', 'test', '0000-00-00 00:00:00', 0),
(380, 2, '1400112', 5, 'Chair FOR MGR 81-ACL810-BMW-FMO-CAR-TMO CABINET-BM', 168, '005/000', '2017-07-07', '2017-07-07', 3596, -1070, 2526, 4, '1100303', 'SD160003071', 5, 'TH6040001400112', 1, 'test', '0000-00-00 00:00:00', 'test', '0000-00-00 00:00:00', 0),
(381, 2, '1400113', 5, 'Chair FOR MGR 71-TBE21AAAL-SCG1-BCEB  BEAT CHAIR-M', 168, '005/000', '2017-07-07', '2017-07-07', 4143, -1233, 2910, 4, '1100303', 'SD160003071', 5, 'TH6040001400113', 1, 'test', '0000-00-00 00:00:00', 'test', '0000-00-00 00:00:00', 0),
(382, 2, '1400114', 5, 'Chair FOR Meeting Room 71-TBE21AAAL-SCG1-BCEB  BEA', 168, '005/000', '2017-07-07', '2017-07-07', 4143, -1233, 2910, 4, '1100303', 'SD160003071', 5, 'TH6040001400114', 1, 'test', '0000-00-00 00:00:00', 'test', '0000-00-00 00:00:00', 0),
(383, 2, '1400115', 5, 'Chair FOR Meeting Room 71-TBE21AAAL-SCG1-BCEB  BEA', 168, '005/000', '2017-07-07', '2017-07-07', 4143, -1233, 2910, 4, '1100303', 'SD160003071', 5, 'TH6040001400115', 1, 'test', '0000-00-00 00:00:00', 'test', '0000-00-00 00:00:00', 0),
(384, 2, '1400116', 5, 'Chair FOR Meeting Room 71-TBE21AAAL-SCG1-BCEB  BEA', 168, '005/000', '2017-07-07', '2017-07-07', 4143, -1233, 2910, 4, '1100303', 'SD160003071', 5, 'TH6040001400116', 1, 'test', '0000-00-00 00:00:00', 'test', '0000-00-00 00:00:00', 0),
(385, 2, '1400117', 5, 'Chair FOR Meeting Room 71-TBE21AAAL-SCG1-BCEB  BEA', 168, '005/000', '2017-07-07', '2017-07-07', 4143, -1233, 2910, 4, '1100303', 'SD160003071', 5, 'TH6040001400117', 1, 'test', '0000-00-00 00:00:00', 'test', '0000-00-00 00:00:00', 0),
(386, 2, '1400118', 5, 'Chair FOR Meeting Room 71-TBE21AAAL-SCG1-BCEB  BEA', 168, '005/000', '2017-07-07', '2017-07-07', 4143, -1233, 2910, 4, '1100303', 'SD160003071', 5, 'TH6040001400118', 1, 'test', '0000-00-00 00:00:00', 'test', '0000-00-00 00:00:00', 0),
(387, 2, '1400119', 5, 'Chair FOR Meeting Room 71-TBE21AAAL-SCG1-BCEB  BEA', 168, '005/000', '2017-07-07', '2017-07-07', 4143, -1233, 2910, 4, '1100303', 'SD160003071', 5, 'TH6040001400119', 1, 'test', '0000-00-00 00:00:00', 'test', '0000-00-00 00:00:00', 0),
(388, 2, '1400120', 5, 'Chair FOR Meeting Room 71-TBE21AAAL-SCG1-BCEB  BEA', 168, '005/000', '2017-07-07', '2017-07-07', 4143, -1233, 2910, 4, '1100303', 'SD160003071', 5, 'TH6040001400120', 1, 'test', '0000-00-00 00:00:00', 'test', '0000-00-00 00:00:00', 0),
(389, 2, '1400121', 5, 'Table For Meeting Room 81-41CMTTF1224-LFS-TMO RECT', 168, '005/000', '2017-07-07', '2017-07-07', 12194, -3628, 8566, 4, '1100303', 'SD160003071', 5, 'TH6040001400121', 1, 'test', '0000-00-00 00:00:00', 'test', '0000-00-00 00:00:00', 0),
(390, 2, '500002', 3, 'TRAVELLING COST FOR Manetic Lock', 161, '003/000', '2017-07-20', '2017-07-20', 10165, -4920, 5245, 6, '1100305', 'SV6007-0148', 5, 'TH602000500002', 1, 'test', '0000-00-00 00:00:00', 'test', '0000-00-00 00:00:00', 0),
(391, 2, '1400122', 5, 'Chair _71-89BMPS13120-RFS-PG1 MONOLITHIC.P W/BASE', 168, '005/000', '2017-07-07', '2017-07-07', 4520, -1345, 3175, 4, '1100304', 'SD160003070', 5, 'TH6040001400122', 1, 'test', '0000-00-00 00:00:00', 'test', '0000-00-00 00:00:00', 0),
(392, 2, '1400123', 5, 'Partition_81-41SMF0812-G1 FABRIC SCREEN PLUS MODES', 168, '005/000', '2017-07-07', '2017-07-07', 2943, -875, 2067, 4, '1100304', 'SD160003070', 5, 'TH6040001400123', 1, 'test', '0000-00-00 00:00:00', 'test', '0000-00-00 00:00:00', 0),
(393, 2, '1400124', 5, 'Chair_71-TSE21AAS-SCG1-BCEB SENSE CHAIR, MIDBACK_0', 168, '005/000', '2017-07-07', '2017-07-07', 5920, -1761, 4159, 4, '1100304', 'SD160003070', 5, 'TH6040001400124', 1, 'test', '0000-00-00 00:00:00', 'test', '0000-00-00 00:00:00', 0),
(394, 2, '1400125', 5, 'Chair_71-TSE21AAS-SCG1-BCEB SENSE CHAIR, MIDBACK_0', 168, '005/000', '2017-07-07', '2017-07-07', 5920, -1761, 4159, 4, '1100304', 'SD160003070', 5, 'TH6040001400125', 1, 'test', '0000-00-00 00:00:00', 'test', '0000-00-00 00:00:00', 0),
(395, 2, '1400126', 5, 'Chair_71-TSE21AAS-SCG1-BCEB SENSE CHAIR, MIDBACK_0', 168, '005/000', '2017-07-07', '2017-07-07', 5920, -1761, 4159, 4, '1100304', 'SD160003070', 5, 'TH6040001400126', 1, 'test', '0000-00-00 00:00:00', 'test', '0000-00-00 00:00:00', 0),
(396, 2, '1400127', 5, 'Chair_71-TSE21AAS-SCG1-BCEB SENSE CHAIR, MIDBACK_0', 168, '005/000', '2017-07-07', '2017-07-07', 5920, -1761, 4159, 4, '1100304', 'SD160003070', 5, 'TH6040001400127', 1, 'test', '0000-00-00 00:00:00', 'test', '0000-00-00 00:00:00', 0),
(397, 2, '1200249', 4, 'OfficeStd 2016 Single lang _THXB sales Support', 169, '003/000', '2017-09-11', '2017-09-11', 28232, -12298, 15934, 2, '1100403', 'INV.2017/0017', 5, 'TH6030501200249', 1, 'test', '0000-00-00 00:00:00', 'test', '0000-00-00 00:00:00', 0),
(398, 2, '1200250', 4, 'OfficeStd 2016 Single lang_SGRO IT cost', 165, '003/000', '2017-10-11', '2017-07-24', 6304, -3028, 3276, 2, '1100432', 'INV.2017/0007', 5, 'TH6030501200250', 1, 'test', '0000-00-00 00:00:00', 'test', '0000-00-00 00:00:00', 0),
(399, 2, '1200251', 4, 'HP Laptop 820 G3 I7-6600U_THXB HO Support', 168, '003/000', '2017-10-31', '2017-09-19', 33501, -14349, 19152, 2, '1100464', 'J8FI1418241', 5, 'TH6030501200251', 1, 'test', '0000-00-00 00:00:00', 'test', '0000-00-00 00:00:00', 0),
(400, 2, '1200252', 4, 'Install Lan_09/17_THXB HO Support', 168, '003/000', '2017-10-31', '2017-09-19', 9623, -4121, 5501, 2, '1100461', 'SPC201709024', 5, 'TH6030501200252', 1, 'test', '0000-00-00 00:00:00', 'test', '0000-00-00 00:00:00', 0),
(401, 2, '1400128', 6, 'Water Dispenser_07/17_THXB HO Support', 168, '005/000', '2017-10-25', '2017-07-26', 6313, -1813, 4500, 3, '1100449', 'IV6001856', 5, 'TH6042001400128', 1, 'test', '0000-00-00 00:00:00', 'test', '0000-00-00 00:00:00', 0),
(402, 2, '1200253', 4, 'Back up UPS_THXB HO Support', 168, '005/000', '2017-11-29', '2017-11-06', 11075, -2555, 8520, 2, '1100531', 'IV6002926', 5, 'TH6030501200253', 1, 'test', '0000-00-00 00:00:00', 'test', '0000-00-00 00:00:00', 0),
(403, 2, '1500001', 2, 'Retrofit for cross border 10/17', 161, '002/000', '2017-12-01', '2017-12-01', 2194592, -1145960, 1048632, 5, '1100561', 'IN17.104', 5, 'TH6019501500001', 1, 'test', '0000-00-00 00:00:00', 'test', '0000-00-00 00:00:00', 0),
(404, 2, '1200254', 4, 'Laptop_THXB sales Support', 169, '003/000', '2017-11-15', '2017-11-15', 27121, -10205, 16917, 2, '1100592', 'J8FI424181', 5, 'TH6030501200254', 1, 'test', '0000-00-00 00:00:00', 'test', '0000-00-00 00:00:00', 0),
(405, 2, '1200255', 4, 'Laptop_THXB sales Support', 169, '003/000', '2017-11-15', '2017-11-15', 27121, -10205, 16917, 2, '1100592', 'J8FI424181', 5, 'TH6030501200255', 1, 'test', '0000-00-00 00:00:00', 'test', '0000-00-00 00:00:00', 0),
(406, 2, '1200256', 4, 'Laptop_THXB sales Support', 169, '003/000', '2017-11-15', '2017-11-15', 27121, -10205, 16917, 2, '1100592', 'J8FI424181', 5, 'TH6030501200256', 1, 'test', '0000-00-00 00:00:00', 'test', '0000-00-00 00:00:00', 0),
(407, 2, '500003', 3, 'Senser Dimension _02/18_THXB Terminal Handling', 170, '005/000', '2018-02-23', '2018-02-23', 9000, -1539, 7461, 6, '1101060', 'IV6100557', 7, 'TH602000500003', 1, 'test', '0000-00-00 00:00:00', 'test', '0000-00-00 00:00:00', 0),
(408, 2, '500004', 3, 'Scanner cross border (useful live 5 years)_03/18', 170, '005/000', '2018-02-24', '2018-02-24', 51080, -8705, 42375, 6, '1102382', '6104148667', 7, 'TH602000500004', 1, 'test', '0000-00-00 00:00:00', 'test', '0000-00-00 00:00:00', 0);

-- --------------------------------------------------------

--
-- Table structure for table `t_class`
--

CREATE TABLE `t_class` (
  `class_id` bigint(20) NOT NULL,
  `class_code` varchar(30) NOT NULL,
  `class_description` varchar(100) NOT NULL,
  `it_asset` tinyint(1) NOT NULL,
  `create_user` varchar(60) NOT NULL,
  `create_date` datetime NOT NULL,
  `update_user` varchar(60) NOT NULL,
  `update_date` datetime NOT NULL,
  `delete_flag` int(11) NOT NULL
) ENGINE=InnoDB DEFAULT CHARSET=utf8;

--
-- Dumping data for table `t_class`
--

INSERT INTO `t_class` (`class_id`, `class_code`, `class_description`, `it_asset`, `create_user`, `create_date`, `update_user`, `update_date`, `delete_flag`) VALUES
(1, '1500', 'test', 0, 'test', '2019-01-16 00:00:00', 'test', '2019-01-16 00:00:00', 0),
(2, '1950', 'test', 0, 'test', '2019-01-16 00:00:00', 'test', '2019-01-16 00:00:00', 0),
(3, '2000', 'test', 0, 'test', '2019-01-16 00:00:00', 'test', '2019-01-16 00:00:00', 0),
(4, '3050', 'test', 0, 'test', '2019-01-16 00:00:00', 'test', '2019-01-16 00:00:00', 0),
(5, '4000', 'test', 0, 'test', '2019-01-16 00:00:00', 'test', '2019-01-16 00:00:00', 0),
(6, '4200', 'test', 0, 'test', '2019-01-16 00:00:00', 'test', '2019-01-16 00:00:00', 0);

-- --------------------------------------------------------

--
-- Table structure for table `t_company`
--

CREATE TABLE `t_company` (
  `company_id` bigint(20) NOT NULL,
  `company_code` varchar(30) NOT NULL,
  `company_name` varchar(100) NOT NULL,
  `create_user` varchar(60) NOT NULL,
  `create_date` datetime NOT NULL,
  `update_user` varchar(60) NOT NULL,
  `update_date` datetime NOT NULL,
  `delete_flag` int(11) NOT NULL
) ENGINE=InnoDB DEFAULT CHARSET=utf8;

--
-- Dumping data for table `t_company`
--

INSERT INTO `t_company` (`company_id`, `company_code`, `company_name`, `create_user`, `create_date`, `update_user`, `update_date`, `delete_flag`) VALUES
(1, 'TH61DDT', 'A', 'test', '2019-01-16 00:00:00', 'test', '2019-01-16 00:00:00', 0),
(2, 'TH60DSC', 'B', 'test', '2019-01-16 00:00:00', 'test', '2019-01-16 00:00:00', 0);

-- --------------------------------------------------------

--
-- Table structure for table `t_cost_center`
--

CREATE TABLE `t_cost_center` (
  `cost_id` bigint(20) NOT NULL,
  `company_id` bigint(20) NOT NULL,
  `cost_code` varchar(30) NOT NULL,
  `cost_description` varchar(100) NOT NULL,
  `create_user` varchar(60) NOT NULL,
  `create_date` datetime NOT NULL,
  `update_user` varchar(60) NOT NULL,
  `update_date` datetime NOT NULL,
  `delete_flag` int(11) NOT NULL
) ENGINE=InnoDB DEFAULT CHARSET=utf8;

--
-- Dumping data for table `t_cost_center`
--

INSERT INTO `t_cost_center` (`cost_id`, `company_id`, `cost_code`, `cost_description`, `create_user`, `create_date`, `update_user`, `update_date`, `delete_flag`) VALUES
(1, 1, '1190102', 'TH Cental HUB Terminal', 'test', '0000-00-00 00:00:00', 'admin', '2019-01-24 06:31:49', 0),
(2, 1, '1190103', 'TH Cental HUB Inplant', 'test', '0000-00-00 00:00:00', 'test', '0000-00-00 00:00:00', 0),
(3, 1, '1190104', 'TH Cental HUB Data entry', 'test', '0000-00-00 00:00:00', 'test', '0000-00-00 00:00:00', 0),
(4, 1, '1191101', 'HO Support  Cost', 'test', '0000-00-00 00:00:00', 'test', '0000-00-00 00:00:00', 0),
(5, 1, '1191102', 'TH General Management', 'test', '0000-00-00 00:00:00', 'test', '0000-00-00 00:00:00', 0),
(6, 1, '1191103', 'SGRO support TH61', 'test', '0000-00-00 00:00:00', 'test', '0000-00-00 00:00:00', 0),
(7, 1, '1196201', 'Operations Support', 'test', '0000-00-00 00:00:00', 'test', '0000-00-00 00:00:00', 0),
(8, 1, '1200102', 'TH Bang Na Depot', 'test', '0000-00-00 00:00:00', 'test', '0000-00-00 00:00:00', 0),
(9, 1, '1200103', 'TH Chatuchak Depot', 'test', '0000-00-00 00:00:00', 'test', '0000-00-00 00:00:00', 0),
(10, 1, '1210104', 'TH Dusit Depot', 'test', '0000-00-00 00:00:00', 'test', '0000-00-00 00:00:00', 0),
(11, 1, '1210105', 'TH Min Buri Depot', 'test', '0000-00-00 00:00:00', 'test', '0000-00-00 00:00:00', 0),
(12, 1, '1210106', 'TH Nonthaburi Depot', 'test', '0000-00-00 00:00:00', 'test', '0000-00-00 00:00:00', 0),
(13, 1, '1210107', 'TH Rangsit Depot', 'test', '0000-00-00 00:00:00', 'test', '0000-00-00 00:00:00', 0),
(14, 1, '1210108', 'TH Thaling Chan Depot', 'test', '0000-00-00 00:00:00', 'test', '0000-00-00 00:00:00', 0),
(15, 1, '1210109', 'TH Thung Kruh Depot', 'test', '0000-00-00 00:00:00', 'test', '0000-00-00 00:00:00', 0),
(16, 1, '1210110', 'TH Chiang Mai Depot', 'test', '0000-00-00 00:00:00', 'test', '0000-00-00 00:00:00', 0),
(17, 1, '1210111', 'TH Pattaya Depot', 'test', '0000-00-00 00:00:00', 'test', '0000-00-00 00:00:00', 0),
(18, 1, '1210112', 'TH Khon Kaen Depot', 'test', '0000-00-00 00:00:00', 'test', '0000-00-00 00:00:00', 0),
(19, 1, '1210113', 'TH Phuket Depot', 'test', '0000-00-00 00:00:00', 'test', '0000-00-00 00:00:00', 0),
(20, 1, '1210114', 'TH Rayong Depot', 'test', '0000-00-00 00:00:00', 'test', '0000-00-00 00:00:00', 0),
(21, 1, '1210115', 'TH Hatyai Depot', 'test', '0000-00-00 00:00:00', 'test', '0000-00-00 00:00:00', 0),
(22, 1, '1210117', 'TH Nakorn Ratchasima Depot', 'test', '0000-00-00 00:00:00', 'test', '0000-00-00 00:00:00', 0),
(23, 1, '1210118', 'TH Nakorn Srithammarat Depot', 'test', '0000-00-00 00:00:00', 'test', '0000-00-00 00:00:00', 0),
(24, 1, '1210119', 'TH Chiang Rai Depot', 'test', '0000-00-00 00:00:00', 'test', '0000-00-00 00:00:00', 0),
(25, 1, '1210120', 'TH Surat Thani Depot', 'test', '0000-00-00 00:00:00', 'test', '0000-00-00 00:00:00', 0),
(26, 1, '1210121', 'TH Ubon Ratchathani Depot', 'test', '0000-00-00 00:00:00', 'test', '0000-00-00 00:00:00', 0),
(27, 1, '1210122', 'TH Nakornpathom Depot', 'test', '0000-00-00 00:00:00', 'test', '0000-00-00 00:00:00', 0),
(28, 1, '1210123', 'TH Samutsakorn Depot', 'test', '0000-00-00 00:00:00', 'test', '0000-00-00 00:00:00', 0),
(29, 1, '1210124', 'TH Ayutthaya Depot', 'test', '0000-00-00 00:00:00', 'test', '0000-00-00 00:00:00', 0),
(30, 1, '1210125', 'TH Chachongsao Depot', 'test', '0000-00-00 00:00:00', 'test', '0000-00-00 00:00:00', 0),
(31, 1, '1210126', 'TH Udonthani Depot', 'test', '0000-00-00 00:00:00', 'test', '0000-00-00 00:00:00', 0),
(32, 1, '1210127', 'TH Ratchaburi Depot', 'test', '0000-00-00 00:00:00', 'test', '0000-00-00 00:00:00', 0),
(33, 1, '1210128', 'TH Phisanulok Depot', 'test', '0000-00-00 00:00:00', 'test', '0000-00-00 00:00:00', 0),
(34, 1, '1210129', 'TH Nakornsawan Depot', 'test', '0000-00-00 00:00:00', 'test', '0000-00-00 00:00:00', 0),
(35, 1, '1210130', 'TH Sakonnakorn Depot', 'test', '0000-00-00 00:00:00', 'test', '0000-00-00 00:00:00', 0),
(36, 1, '1210131', 'TH Saraburi Depot', 'test', '0000-00-00 00:00:00', 'test', '0000-00-00 00:00:00', 0),
(37, 1, '1210132', 'TH Prachuap Khiriikhan Depot', 'test', '0000-00-00 00:00:00', 'test', '0000-00-00 00:00:00', 0),
(38, 1, '1210133', 'TH Lopburi Depot', 'test', '0000-00-00 00:00:00', 'test', '0000-00-00 00:00:00', 0),
(39, 1, '1210134', 'TH Prachinburi Depot', 'test', '0000-00-00 00:00:00', 'test', '0000-00-00 00:00:00', 0),
(40, 1, '1210135', 'TH Kanchanaburi Depot', 'test', '0000-00-00 00:00:00', 'test', '0000-00-00 00:00:00', 0),
(41, 1, '1210136', 'TH Chantaburi Depot', 'test', '0000-00-00 00:00:00', 'test', '0000-00-00 00:00:00', 0),
(42, 1, '1210137', 'TH Parcel Retail Shops', 'test', '0000-00-00 00:00:00', 'test', '0000-00-00 00:00:00', 0),
(43, 1, '1210138', 'TH Chonburi Depot', 'test', '0000-00-00 00:00:00', 'test', '0000-00-00 00:00:00', 0),
(44, 1, '1210139', 'TH A.Muang AngThong Depot', 'test', '0000-00-00 00:00:00', 'test', '0000-00-00 00:00:00', 0),
(45, 1, '1210140', 'TH A.Muang Prajuabkhirikhan Depot', 'test', '0000-00-00 00:00:00', 'test', '0000-00-00 00:00:00', 0),
(46, 1, '1210141', 'TH A.Muang Petburi Depot', 'test', '0000-00-00 00:00:00', 'test', '0000-00-00 00:00:00', 0),
(47, 1, '1210141', 'TH Petburi Depot', 'test', '0000-00-00 00:00:00', 'test', '0000-00-00 00:00:00', 0),
(48, 1, '1210142', 'TH A.Banpong Depot', 'test', '0000-00-00 00:00:00', 'test', '0000-00-00 00:00:00', 0),
(49, 1, '1210143', 'TH A.Muang Srakaew Depot', 'test', '0000-00-00 00:00:00', 'test', '0000-00-00 00:00:00', 0),
(50, 1, '1210144', 'TH A.Muang Mahasarakram Depot', 'test', '0000-00-00 00:00:00', 'test', '0000-00-00 00:00:00', 0),
(51, 1, '1210144', 'TH Mahasarakram Depot', 'test', '0000-00-00 00:00:00', 'test', '0000-00-00 00:00:00', 0),
(52, 1, '1210145', 'TH A.Warin Chamrap Depot', 'test', '0000-00-00 00:00:00', 'test', '0000-00-00 00:00:00', 0),
(53, 1, '1210146', 'TH A.Muang Chainat Depot', 'test', '0000-00-00 00:00:00', 'test', '0000-00-00 00:00:00', 0),
(54, 1, '1210147', 'TH A.Muang Supanburi Depot', 'test', '0000-00-00 00:00:00', 'test', '0000-00-00 00:00:00', 0),
(55, 1, '1210147', 'TH Supanburi Depot', 'test', '0000-00-00 00:00:00', 'test', '0000-00-00 00:00:00', 0),
(56, 1, '1210148', 'TH A.Muang Trad Depot', 'test', '0000-00-00 00:00:00', 'test', '0000-00-00 00:00:00', 0),
(57, 1, '1210148', 'TH Trad Depot', 'test', '0000-00-00 00:00:00', 'test', '0000-00-00 00:00:00', 0),
(58, 1, '1210149', 'TH A.Muang SongKhla Depot', 'test', '0000-00-00 00:00:00', 'test', '0000-00-00 00:00:00', 0),
(59, 1, '1210149', 'TH SongKhla Depot', 'test', '0000-00-00 00:00:00', 'test', '0000-00-00 00:00:00', 0),
(60, 1, '1210150', 'TH Buriram Depot', 'test', '0000-00-00 00:00:00', 'test', '0000-00-00 00:00:00', 0),
(61, 1, '1210151', 'TH Surin Depot', 'test', '0000-00-00 00:00:00', 'test', '0000-00-00 00:00:00', 0),
(62, 1, '1210152', 'TH Nongkhai Depot', 'test', '0000-00-00 00:00:00', 'test', '0000-00-00 00:00:00', 0),
(63, 1, '1210153', 'TH Loei Depot', 'test', '0000-00-00 00:00:00', 'test', '0000-00-00 00:00:00', 0),
(64, 1, '1210154', 'TH Chaiyaphum Depot', 'test', '0000-00-00 00:00:00', 'test', '0000-00-00 00:00:00', 0),
(65, 1, '1210155', 'TH Sisaket Depot', 'test', '0000-00-00 00:00:00', 'test', '0000-00-00 00:00:00', 0),
(66, 1, '1210156', 'TH Phetchabun Depot', 'test', '0000-00-00 00:00:00', 'test', '0000-00-00 00:00:00', 0),
(67, 1, '1210157', 'TH Nakhon Phanom Depot', 'test', '0000-00-00 00:00:00', 'test', '0000-00-00 00:00:00', 0),
(68, 1, '1210158', 'TH Chumphon Depot', 'test', '0000-00-00 00:00:00', 'test', '0000-00-00 00:00:00', 0),
(69, 1, '1210159', 'TH Trang Depot', 'test', '0000-00-00 00:00:00', 'test', '0000-00-00 00:00:00', 0),
(70, 1, '1210160', 'TH Krabi Depot', 'test', '0000-00-00 00:00:00', 'test', '0000-00-00 00:00:00', 0),
(71, 1, '1210161', 'TH Sameday Depot', 'test', '0000-00-00 00:00:00', 'test', '0000-00-00 00:00:00', 0),
(72, 1, '1210162', 'TH Lampang Depot', 'test', '0000-00-00 00:00:00', 'test', '0000-00-00 00:00:00', 0),
(73, 1, '1210163', 'TH Nan Depot', 'test', '0000-00-00 00:00:00', 'test', '0000-00-00 00:00:00', 0),
(74, 1, '1210164', 'TH Tak Depot', 'test', '0000-00-00 00:00:00', 'test', '0000-00-00 00:00:00', 0),
(75, 1, '1210165', 'TH Pattani Depot', 'test', '0000-00-00 00:00:00', 'test', '0000-00-00 00:00:00', 0),
(76, 1, '1210166', 'TH Nong Khae Depot', 'test', '0000-00-00 00:00:00', 'test', '0000-00-00 00:00:00', 0),
(77, 1, '1210167', 'TH Chai Badan Depot', 'test', '0000-00-00 00:00:00', 'test', '0000-00-00 00:00:00', 0),
(78, 1, '1210168', 'TH Kabin Buri Depot', 'test', '0000-00-00 00:00:00', 'test', '0000-00-00 00:00:00', 0),
(79, 1, '1210169', 'TH Pluak daeng Depot', 'test', '0000-00-00 00:00:00', 'test', '0000-00-00 00:00:00', 0),
(80, 1, '1210170', 'TH Phon Depot', 'test', '0000-00-00 00:00:00', 'test', '0000-00-00 00:00:00', 0),
(81, 1, '1210171', 'TH Kalasin Depot', 'test', '0000-00-00 00:00:00', 'test', '0000-00-00 00:00:00', 0),
(82, 1, '1210172', 'TH Mukdahan Depot', 'test', '0000-00-00 00:00:00', 'test', '0000-00-00 00:00:00', 0),
(83, 1, '1210173', 'TH Yasothon Depot', 'test', '0000-00-00 00:00:00', 'test', '0000-00-00 00:00:00', 0),
(84, 1, '1210174', 'TH Uttaradit Depot', 'test', '0000-00-00 00:00:00', 'test', '0000-00-00 00:00:00', 0),
(85, 1, '1210175', 'TH Sukhothai Depot', 'test', '0000-00-00 00:00:00', 'test', '0000-00-00 00:00:00', 0),
(86, 1, '1210176', 'TH Phichit Depot', 'test', '0000-00-00 00:00:00', 'test', '0000-00-00 00:00:00', 0),
(87, 1, '1210177', 'TH Uthai Thani  Depot', 'test', '0000-00-00 00:00:00', 'test', '0000-00-00 00:00:00', 0),
(88, 1, '1210178', 'TH Kamphaeng Phet Depot', 'test', '0000-00-00 00:00:00', 'test', '0000-00-00 00:00:00', 0),
(89, 1, '1210179', 'TH Bueng Kan Depot', 'test', '0000-00-00 00:00:00', 'test', '0000-00-00 00:00:00', 0),
(90, 1, '1210180', 'TH Amnat Charoen Depot', 'test', '0000-00-00 00:00:00', 'test', '0000-00-00 00:00:00', 0),
(91, 1, '1210181', 'TH Roi Et Depot', 'test', '0000-00-00 00:00:00', 'test', '0000-00-00 00:00:00', 0),
(92, 1, '1210182', 'TH Pak Chong Depot', 'test', '0000-00-00 00:00:00', 'test', '0000-00-00 00:00:00', 0),
(93, 1, '1210183', 'TH Thung Song, Nakhon Si Thammarat Depot', 'test', '0000-00-00 00:00:00', 'test', '0000-00-00 00:00:00', 0),
(94, 1, '1210184', 'TH Phang Nga Depot', 'test', '0000-00-00 00:00:00', 'test', '0000-00-00 00:00:00', 0),
(95, 1, '1210185', 'TH Si Racha, Chonburi Depot', 'test', '0000-00-00 00:00:00', 'test', '0000-00-00 00:00:00', 0),
(96, 1, '1210186', 'TH Pathumthani Depot', 'test', '0000-00-00 00:00:00', 'test', '0000-00-00 00:00:00', 0),
(97, 1, '1210187', 'TH Klongluang Depot', 'test', '0000-00-00 00:00:00', 'test', '0000-00-00 00:00:00', 0),
(98, 1, '1210188', 'TH Prawet Depot', 'test', '0000-00-00 00:00:00', 'test', '0000-00-00 00:00:00', 0),
(99, 1, '1210189', 'TH Pratumwan Depot', 'test', '0000-00-00 00:00:00', 'test', '0000-00-00 00:00:00', 0),
(100, 1, '1210190', 'TH Bangkruay Depot', 'test', '0000-00-00 00:00:00', 'test', '0000-00-00 00:00:00', 0),
(101, 1, '1210191', 'TH Prapradang Depot', 'test', '0000-00-00 00:00:00', 'test', '0000-00-00 00:00:00', 0),
(102, 1, '1210192', 'TH Bangphlee Depot', 'test', '0000-00-00 00:00:00', 'test', '0000-00-00 00:00:00', 0),
(103, 1, '1210193', 'TH Sing Buri Depot', 'test', '0000-00-00 00:00:00', 'test', '0000-00-00 00:00:00', 0),
(104, 1, '1210194', 'TH Sam phran Depot', 'test', '0000-00-00 00:00:00', 'test', '0000-00-00 00:00:00', 0),
(105, 1, '1210195', 'TH Samut Songkhram Depot', 'test', '0000-00-00 00:00:00', 'test', '0000-00-00 00:00:00', 0),
(106, 1, '1210196', 'TH U Thong  Depot', 'test', '0000-00-00 00:00:00', 'test', '0000-00-00 00:00:00', 0),
(107, 1, '1210197', 'TH Klaeng Depot', 'test', '0000-00-00 00:00:00', 'test', '0000-00-00 00:00:00', 0),
(108, 1, '1210198', 'TH Nakhon Nayok Depot', 'test', '0000-00-00 00:00:00', 'test', '0000-00-00 00:00:00', 0),
(109, 1, '1210199', 'TH Mae-Tang Depot', 'test', '0000-00-00 00:00:00', 'test', '0000-00-00 00:00:00', 0),
(110, 1, '1210200', 'TH Chomthong Depot', 'test', '0000-00-00 00:00:00', 'test', '0000-00-00 00:00:00', 0),
(111, 1, '1210201', 'TH Phayao Depot', 'test', '0000-00-00 00:00:00', 'test', '0000-00-00 00:00:00', 0),
(112, 1, '1210202', 'TH Mae sai Depot', 'test', '0000-00-00 00:00:00', 'test', '0000-00-00 00:00:00', 0),
(113, 1, '1210203', 'TH Lamphun Depot', 'test', '0000-00-00 00:00:00', 'test', '0000-00-00 00:00:00', 0),
(114, 1, '1210204', 'TH Phrae Depot', 'test', '0000-00-00 00:00:00', 'test', '0000-00-00 00:00:00', 0),
(115, 1, '1210205', 'TH Mae Hong Sorn Depot', 'test', '0000-00-00 00:00:00', 'test', '0000-00-00 00:00:00', 0),
(116, 1, '1210206', 'TH Sung Noen Depot', 'test', '0000-00-00 00:00:00', 'test', '0000-00-00 00:00:00', 0),
(117, 1, '1210207', 'TH Chokchai Depot', 'test', '0000-00-00 00:00:00', 'test', '0000-00-00 00:00:00', 0),
(118, 1, '1210208', 'TH Nang rong Depot', 'test', '0000-00-00 00:00:00', 'test', '0000-00-00 00:00:00', 0),
(119, 1, '1210209', 'TH Chum phae Depot', 'test', '0000-00-00 00:00:00', 'test', '0000-00-00 00:00:00', 0),
(120, 1, '1210210', 'TH Nong Bua Lam Phu Depot', 'test', '0000-00-00 00:00:00', 'test', '0000-00-00 00:00:00', 0),
(121, 1, '1210211', 'TH Khao suan kwang Depot', 'test', '0000-00-00 00:00:00', 'test', '0000-00-00 00:00:00', 0),
(122, 1, '1210212', 'TH Swang Daen Din Depot', 'test', '0000-00-00 00:00:00', 'test', '0000-00-00 00:00:00', 0),
(123, 1, '1210213', 'TH Narathiwat Depot', 'test', '0000-00-00 00:00:00', 'test', '0000-00-00 00:00:00', 0),
(124, 1, '1210214', 'TH Weang Sra Depot', 'test', '0000-00-00 00:00:00', 'test', '0000-00-00 00:00:00', 0),
(125, 1, '1210215', 'TH Phatthalung Depot', 'test', '0000-00-00 00:00:00', 'test', '0000-00-00 00:00:00', 0),
(126, 1, '1210701', 'TH Sales force', 'test', '0000-00-00 00:00:00', 'test', '0000-00-00 00:00:00', 0),
(127, 1, '1210702', 'TH Sales Support', 'test', '0000-00-00 00:00:00', 'test', '0000-00-00 00:00:00', 0),
(128, 1, '1210703', 'TH Customer Service', 'test', '0000-00-00 00:00:00', 'test', '0000-00-00 00:00:00', 0),
(129, 1, '1210704', 'TH Controlling', 'test', '0000-00-00 00:00:00', 'test', '0000-00-00 00:00:00', 0),
(130, 1, '1210705', 'TH Finance Operations (SSC)', 'test', '0000-00-00 00:00:00', 'test', '0000-00-00 00:00:00', 0),
(131, 1, '1210705', 'Human Resources', 'test', '0000-00-00 00:00:00', 'test', '0000-00-00 00:00:00', 0),
(132, 1, '1210706', 'Information Systems', 'test', '0000-00-00 00:00:00', 'test', '0000-00-00 00:00:00', 0),
(133, 1, '1230202', 'TH Transport - Linehaul Central', 'test', '0000-00-00 00:00:00', 'test', '0000-00-00 00:00:00', 0),
(134, 1, '1230302', 'TH Delivery Bangna', 'test', '0000-00-00 00:00:00', 'test', '0000-00-00 00:00:00', 0),
(135, 1, '1240303', 'TH Delivery Chatuchak', 'test', '0000-00-00 00:00:00', 'test', '0000-00-00 00:00:00', 0),
(136, 1, '1250304', 'TH Delivery Dusit', 'test', '0000-00-00 00:00:00', 'test', '0000-00-00 00:00:00', 0),
(137, 1, '1250305', 'TH Delivery Min Buri', 'test', '0000-00-00 00:00:00', 'test', '0000-00-00 00:00:00', 0),
(138, 1, '1250306', 'TH Delivery Nonthaburi', 'test', '0000-00-00 00:00:00', 'test', '0000-00-00 00:00:00', 0),
(139, 1, '1250307', 'TH Delivery Rangsit', 'test', '0000-00-00 00:00:00', 'test', '0000-00-00 00:00:00', 0),
(140, 1, '1250308', 'TH Delivery Thaling Chan', 'test', '0000-00-00 00:00:00', 'test', '0000-00-00 00:00:00', 0),
(141, 1, '1250309', 'TH Delivery Thung Kruh', 'test', '0000-00-00 00:00:00', 'test', '0000-00-00 00:00:00', 0),
(142, 1, '1250310', 'TH Delivery Chiang Mai', 'test', '0000-00-00 00:00:00', 'test', '0000-00-00 00:00:00', 0),
(143, 1, '1250311', 'TH Delivery pattaya', 'test', '0000-00-00 00:00:00', 'test', '0000-00-00 00:00:00', 0),
(144, 1, '1250312', 'TH Delivery Khon Kaen', 'test', '0000-00-00 00:00:00', 'test', '0000-00-00 00:00:00', 0),
(145, 1, '1250313', 'TH Delivery Phuket', 'test', '0000-00-00 00:00:00', 'test', '0000-00-00 00:00:00', 0),
(146, 1, '1250314', 'TH Delivery Rayong', 'test', '0000-00-00 00:00:00', 'test', '0000-00-00 00:00:00', 0),
(147, 1, '1250315', 'TH Delivery Hatyai', 'test', '0000-00-00 00:00:00', 'test', '0000-00-00 00:00:00', 0),
(148, 1, '1250317', 'TH Delivery Nakorn Ratchasima', 'test', '0000-00-00 00:00:00', 'test', '0000-00-00 00:00:00', 0),
(149, 1, '1250318', 'TH Delivery Nakorn Srithammarat', 'test', '0000-00-00 00:00:00', 'test', '0000-00-00 00:00:00', 0),
(150, 1, '1250319', 'TH Delivery Chiang Rai', 'test', '0000-00-00 00:00:00', 'test', '0000-00-00 00:00:00', 0),
(151, 1, '1250320', 'TH Delivery Surat Thani', 'test', '0000-00-00 00:00:00', 'test', '0000-00-00 00:00:00', 0),
(152, 1, '1250321', 'TH Delivery Ubon Ratchathani', 'test', '0000-00-00 00:00:00', 'test', '0000-00-00 00:00:00', 0),
(153, 1, '1250322', 'TH Delivery Nakornpathom', 'test', '0000-00-00 00:00:00', 'test', '0000-00-00 00:00:00', 0),
(154, 1, '1250323', 'TH Delivery Samutsakorn', 'test', '0000-00-00 00:00:00', 'test', '0000-00-00 00:00:00', 0),
(155, 1, '1250324', 'TH Delivery Ayutthaya', 'test', '0000-00-00 00:00:00', 'test', '0000-00-00 00:00:00', 0),
(156, 1, '1250325', 'TH Delivery Chachongsao', 'test', '0000-00-00 00:00:00', 'test', '0000-00-00 00:00:00', 0),
(157, 1, '1250326', 'TH Delivery Udonthani', 'test', '0000-00-00 00:00:00', 'test', '0000-00-00 00:00:00', 0),
(158, 1, '1250329', 'TH Delivery Nakornsawan', 'test', '0000-00-00 00:00:00', 'test', '0000-00-00 00:00:00', 0),
(159, 1, '1260302', 'TH  Transport - Pickup normal vehicles ', 'test', '0000-00-00 00:00:00', 'test', '0000-00-00 00:00:00', 0),
(160, 2, '1136101', 'TH Sales Support', 'test', '0000-00-00 00:00:00', 'test', '0000-00-00 00:00:00', 0),
(161, 2, '1101101', 'TH General Management', 'test', '0000-00-00 00:00:00', 'test', '0000-00-00 00:00:00', 0),
(162, 2, '1170801', 'Information Systems', 'test', '0000-00-00 00:00:00', 'test', '0000-00-00 00:00:00', 0),
(163, 2, '1186201', 'Operations Support', 'test', '0000-00-00 00:00:00', 'test', '0000-00-00 00:00:00', 0),
(164, 2, '1141601', 'TH Controlling', 'test', '0000-00-00 00:00:00', 'test', '0000-00-00 00:00:00', 0),
(165, 2, '1111101', 'SGRO cost centre', 'test', '0000-00-00 00:00:00', 'test', '0000-00-00 00:00:00', 0),
(166, 2, '1161001', 'Human Resources', 'test', '0000-00-00 00:00:00', 'test', '0000-00-00 00:00:00', 0),
(167, 2, '1266101', 'TH Customer Service', 'test', '0000-00-00 00:00:00', 'test', '0000-00-00 00:00:00', 0),
(168, 2, '1500011', 'THXB HO Support', 'test', '0000-00-00 00:00:00', 'test', '0000-00-00 00:00:00', 0),
(169, 2, '1500002', 'THXB Sales Support', 'test', '0000-00-00 00:00:00', 'test', '0000-00-00 00:00:00', 0),
(170, 2, '1500016', 'THXB Terminal Handling', 'test', '0000-00-00 00:00:00', 'test', '0000-00-00 00:00:00', 0);

-- --------------------------------------------------------

--
-- Table structure for table `t_count_detail`
--

CREATE TABLE `t_count_detail` (
  `count_detail_id` int(11) NOT NULL,
  `count_no` int(10) NOT NULL,
  `asset_id` int(11) NOT NULL,
  `book_value` decimal(10,2) NOT NULL,
  `date_created` datetime NOT NULL DEFAULT CURRENT_TIMESTAMP
) ENGINE=InnoDB DEFAULT CHARSET=utf8;

--
-- Dumping data for table `t_count_detail`
--

INSERT INTO `t_count_detail` (`count_detail_id`, `count_no`, `asset_id`, `book_value`, `date_created`) VALUES
(13, 1, 373, 3183.00, '2019-01-26 14:46:43'),
(14, 19, 373, 3183.00, '2019-01-26 14:54:09'),
(20, 21, 3, 0.00, '2019-01-26 15:46:39'),
(21, 21, 2, 0.00, '2019-01-26 15:47:06'),
(22, 20, 6, 1091.00, '2019-01-26 15:47:28');

-- --------------------------------------------------------

--
-- Table structure for table `t_count_header`
--

CREATE TABLE `t_count_header` (
  `count_no` int(10) NOT NULL,
  `costcenter_code` varchar(30) NOT NULL,
  `count_no_date` timestamp NOT NULL DEFAULT CURRENT_TIMESTAMP,
  `submit_status` int(2) NOT NULL,
  `user_create_count_no` varchar(100) NOT NULL,
  `ref_uniqid` varchar(30) NOT NULL
) ENGINE=InnoDB DEFAULT CHARSET=utf8;

--
-- Dumping data for table `t_count_header`
--

INSERT INTO `t_count_header` (`count_no`, `costcenter_code`, `count_no_date`, `submit_status`, `user_create_count_no`, `ref_uniqid`) VALUES
(18, '1190102', '2019-01-26 06:54:52', 2, '1', '5c4c043ce725f'),
(19, '1190102', '2019-01-26 07:24:22', 1, '1', '5c4c0b26e54ee'),
(20, '1190102', '2019-01-26 07:24:43', 1, '1', '5c4c0b3b1a390'),
(21, '1190102', '2019-01-26 07:25:15', 1, '1', '5c4c0b5b1f914');

-- --------------------------------------------------------

--
-- Table structure for table `t_location`
--

CREATE TABLE `t_location` (
  `location_id` bigint(20) NOT NULL,
  `location_cat` varchar(100) NOT NULL,
  `create_user` varchar(60) NOT NULL,
  `create_date` datetime NOT NULL,
  `update_user` varchar(60) NOT NULL,
  `update_date` datetime NOT NULL,
  `delete_flag` int(11) NOT NULL
) ENGINE=InnoDB DEFAULT CHARSET=utf8;

--
-- Dumping data for table `t_location`
--

INSERT INTO `t_location` (`location_id`, `location_cat`, `create_user`, `create_date`, `update_user`, `update_date`, `delete_flag`) VALUES
(1, 'Cental hub Terminal cost', 'test', '2019-01-16 00:00:00', 'test', '2019-01-16 00:00:00', 0),
(2, 'Own Last Mile Costs', 'test', '2019-01-16 00:00:00', 'test', '2019-01-16 00:00:00', 0),
(3, 'Depot terminal cost', 'test', '2019-01-16 00:00:00', 'test', '2019-01-16 00:00:00', 0),
(4, 'Transport  Pickup', 'test', '2019-01-16 00:00:00', 'test', '2019-01-16 00:00:00', 0),
(5, 'Head Office', 'test', '2019-01-16 00:00:00', 'test', '2019-01-16 00:00:00', 0),
(6, 'Line Haul', 'test', '2019-01-16 00:00:00', 'test', '2019-01-16 00:00:00', 0),
(7, 'Opertation', 'test', '2019-01-16 00:00:00', 'test', '2019-01-16 00:00:00', 0);

-- --------------------------------------------------------

--
-- Table structure for table `t_submit_status`
--

CREATE TABLE `t_submit_status` (
  `submit_id` int(2) NOT NULL,
  `submit_description` varchar(100) NOT NULL
) ENGINE=InnoDB DEFAULT CHARSET=utf8;

--
-- Dumping data for table `t_submit_status`
--

INSERT INTO `t_submit_status` (`submit_id`, `submit_description`) VALUES
(1, 'Draft'),
(2, 'Submit');

-- --------------------------------------------------------

--
-- Table structure for table `user`
--

CREATE TABLE `user` (
  `user_id` int(11) NOT NULL,
  `company_id` bigint(20) NOT NULL,
  `cost_center_code` varchar(30) NOT NULL,
  `user` varchar(30) NOT NULL,
  `password` varchar(100) NOT NULL,
  `email` varchar(100) NOT NULL,
  `role` int(3) NOT NULL,
  `create_user` varchar(60) NOT NULL,
  `create_date` datetime NOT NULL,
  `update_user` varchar(60) NOT NULL,
  `update_date` datetime NOT NULL,
  `delete_flag` int(11) NOT NULL
) ENGINE=InnoDB DEFAULT CHARSET=utf8;

--
-- Dumping data for table `user`
--

INSERT INTO `user` (`user_id`, `company_id`, `cost_center_code`, `user`, `password`, `email`, `role`, `create_user`, `create_date`, `update_user`, `update_date`, `delete_flag`) VALUES
(1, 1, '1190102', 'admin', '202cb962ac59075b964b07152d234b70', 'akarapon.n@gmail.com', 1, 'test', '2019-01-16 00:00:00', 'test', '2019-01-16 00:00:00', 0);

--
-- Indexes for dumped tables
--

--
-- Indexes for table `t_account`
--
ALTER TABLE `t_account`
  ADD PRIMARY KEY (`account_id`);

--
-- Indexes for table `t_asset`
--
ALTER TABLE `t_asset`
  ADD PRIMARY KEY (`asset_id`);

--
-- Indexes for table `t_class`
--
ALTER TABLE `t_class`
  ADD PRIMARY KEY (`class_id`);

--
-- Indexes for table `t_company`
--
ALTER TABLE `t_company`
  ADD PRIMARY KEY (`company_id`);

--
-- Indexes for table `t_cost_center`
--
ALTER TABLE `t_cost_center`
  ADD PRIMARY KEY (`cost_id`);

--
-- Indexes for table `t_count_detail`
--
ALTER TABLE `t_count_detail`
  ADD PRIMARY KEY (`count_detail_id`);

--
-- Indexes for table `t_count_header`
--
ALTER TABLE `t_count_header`
  ADD PRIMARY KEY (`count_no`);

--
-- Indexes for table `t_location`
--
ALTER TABLE `t_location`
  ADD PRIMARY KEY (`location_id`);

--
-- Indexes for table `t_submit_status`
--
ALTER TABLE `t_submit_status`
  ADD PRIMARY KEY (`submit_id`);

--
-- Indexes for table `user`
--
ALTER TABLE `user`
  ADD PRIMARY KEY (`user_id`);

--
-- AUTO_INCREMENT for dumped tables
--

--
-- AUTO_INCREMENT for table `t_account`
--
ALTER TABLE `t_account`
  MODIFY `account_id` bigint(20) NOT NULL AUTO_INCREMENT, AUTO_INCREMENT=7;
--
-- AUTO_INCREMENT for table `t_asset`
--
ALTER TABLE `t_asset`
  MODIFY `asset_id` bigint(20) NOT NULL AUTO_INCREMENT, AUTO_INCREMENT=409;
--
-- AUTO_INCREMENT for table `t_class`
--
ALTER TABLE `t_class`
  MODIFY `class_id` bigint(20) NOT NULL AUTO_INCREMENT, AUTO_INCREMENT=7;
--
-- AUTO_INCREMENT for table `t_company`
--
ALTER TABLE `t_company`
  MODIFY `company_id` bigint(20) NOT NULL AUTO_INCREMENT, AUTO_INCREMENT=3;
--
-- AUTO_INCREMENT for table `t_cost_center`
--
ALTER TABLE `t_cost_center`
  MODIFY `cost_id` bigint(20) NOT NULL AUTO_INCREMENT, AUTO_INCREMENT=171;
--
-- AUTO_INCREMENT for table `t_count_detail`
--
ALTER TABLE `t_count_detail`
  MODIFY `count_detail_id` int(11) NOT NULL AUTO_INCREMENT, AUTO_INCREMENT=23;
--
-- AUTO_INCREMENT for table `t_count_header`
--
ALTER TABLE `t_count_header`
  MODIFY `count_no` int(10) NOT NULL AUTO_INCREMENT, AUTO_INCREMENT=24;
--
-- AUTO_INCREMENT for table `t_location`
--
ALTER TABLE `t_location`
  MODIFY `location_id` bigint(20) NOT NULL AUTO_INCREMENT, AUTO_INCREMENT=8;
--
-- AUTO_INCREMENT for table `user`
--
ALTER TABLE `user`
  MODIFY `user_id` int(11) NOT NULL AUTO_INCREMENT, AUTO_INCREMENT=2;COMMIT;

/*!40101 SET CHARACTER_SET_CLIENT=@OLD_CHARACTER_SET_CLIENT */;
/*!40101 SET CHARACTER_SET_RESULTS=@OLD_CHARACTER_SET_RESULTS */;
/*!40101 SET COLLATION_CONNECTION=@OLD_COLLATION_CONNECTION */;
